fila,id_venta,fecha,cliente,producto,cantidad,importe,medio_pago,motivo
1,V-1001,2025-10-01,Distribuidora Sur,Servicio mensual,1,46679.5,cheque,"medioPago debe ser uno de: transferencia, tarjeta, efectivo"
12,V-1012,2025-10-01,Imprenta Rapida,Notebook Lenovo,2,1212113.55,mercadopago,"medioPago debe ser uno de: transferencia, tarjeta, efectivo"
23,V-1023,2025-10-02,Supermercado Don Pepe,Cartucho tinta,7,41786.7,mercadopago,"medioPago debe ser uno de: transferencia, tarjeta, efectivo"
28,V-1028,2025-10-03,Pedro Sanchez,Notebook Lenovo,3,2003465.58,mercadopago,"medioPago debe ser uno de: transferencia, tarjeta, efectivo"
61,V-1061,2025-10-05,Distribuidora Sur,Licencia software anual,1,128203.03,mercadopago,"medioPago debe ser uno de: transferencia, tarjeta, efectivo"
64,V-1064,2025-10-05,Ana Martinez,Servicio de mantenimiento,1,33722.88,mercadopago,"medioPago debe ser uno de: transferencia, tarjeta, efectivo"
66,V-1066,2025-10-06,Supermercado Don Pepe,Disco SSD 1TB,2,145974.56,mercadopago,"medioPago debe ser uno de: transferencia, tarjeta, efectivo"
73,V-1073,2025-10-07,Transportes Rios,Hosting mensual,1,11731.42,mercadopago,"medioPago debe ser uno de: transferencia, tarjeta, efectivo"
87,V-1087,2025-10-08,Restaurante El Puerto,Servicio de mantenimiento,1,34422.46,mercadopago,"medioPago debe ser uno de: transferencia, tarjeta, efectivo"
95,V-1095,2025-10-09,Distribuidora Sur,Toner HP,1,8071.23,mercadopago,"medioPago debe ser uno de: transferencia, tarjeta, efectivo"
100,V-1100,2025-10-09,Martin Castro,Cafe en grano,15,27502.91,mercadopago,"medioPago debe ser uno de: transferencia, tarjeta, efectivo"
119,V-1119,2025-10-11,Comercial Andrade,Notebook Lenovo,2,1175335.64,cheque,"medioPago debe ser uno de: transferencia, tarjeta, efectivo"
122,V-1122,2025-10-11,Valentina Diaz,Resma A4,10,9998.19,mercadopago,"medioPago debe ser uno de: transferencia, tarjeta, efectivo"
126,V-1126,2025-10-11,Peluqueria Glamour,Cuaderno,26,12746.02,mercadopago,"medioPago debe ser uno de: transferencia, tarjeta, efectivo"
153,V-1153,2025-10-14,Distribuidora Sur,Servicio de consultoria,1,18209.63,cheque,"medioPago debe ser uno de: transferencia, tarjeta, efectivo"
161,V-1161,2025-10-15,Sofia Ramirez,Detergente 5L,18,75410.91,mercadopago,"medioPago debe ser uno de: transferencia, tarjeta, efectivo"
174,V-1174,2025-10-16,Carniceria El Toro,Harina x25kg,9,27716.94,mercadopago,"medioPago debe ser uno de: transferencia, tarjeta, efectivo"
199,V-1199,2025-10-17,Lucia Fernandez,Servicio mensual,1,44002.11,mercadopago,"medioPago debe ser uno de: transferencia, tarjeta, efectivo"
229,V-1229,2025-10-20,Ana Martinez,Capacitacion,2,109870.45,mercadopago,"medioPago debe ser uno de: transferencia, tarjeta, efectivo"
251,V-1251,2025-10-22,Martin Castro,Cafe en grano,13,26794.45,mercadopago,"medioPago debe ser uno de: transferencia, tarjeta, efectivo"
254,V-1254,2025-10-22,Constructora Norte,Cafe en grano,4,7280.83,cheque,"medioPago debe ser uno de: transferencia, tarjeta, efectivo"
263,V-1263,2025-10-23,Optica Vision,Licencia software anual,1,126472.35,cheque,"medioPago debe ser uno de: transferencia, tarjeta, efectivo"
277,V-1277,2025-10-24,Peluqueria Glamour,Cartucho tinta,2,12184.69,mercadopago,"medioPago debe ser uno de: transferencia, tarjeta, efectivo"
280,V-1280,2025-10-24,Taller Mecanico Lopez,Armazon,3,47664.65,cheque,"medioPago debe ser uno de: transferencia, tarjeta, efectivo"
281,V-1281,2025-10-24,Farmacia San Martin,Lapiceras x12,10,25497.09,mercadopago,"medioPago debe ser uno de: transferencia, tarjeta, efectivo"
285,V-1285,2025-10-24,Lucia Fernandez,Servicio de mantenimiento,1,31529.38,mercadopago,"medioPago debe ser uno de: transferencia, tarjeta, efectivo"
288,V-1288,2025-10-24,Almacen La Paz,Carpeta A4,38,49335.21,cheque,"medioPago debe ser uno de: transferencia, tarjeta, efectivo"
289,V-1289,2025-10-24,Agropecuaria Campo Verde,Disco SSD 1TB,2,154686.95,mercadopago,"medioPago debe ser uno de: transferencia, tarjeta, efectivo"
291,V-1291,2025-10-24,Imprenta Rapida,Capacitacion,1,62724.95,mercadopago,"medioPago debe ser uno de: transferencia, tarjeta, efectivo"
301,V-1301,2025-10-25,Transportes Rios,Monitor 24'',4,747052.23,mercadopago,"medioPago debe ser uno de: transferencia, tarjeta, efectivo"
305,V-1305,2025-10-25,Juan Perez,Monitor 24'',4,767089.45,mercadopago,"medioPago debe ser uno de: transferencia, tarjeta, efectivo"
311,V-1311,2025-10-26,Mueblerias Hogar,Lapiceras x12,5,11231.45,mercadopago,"medioPago debe ser uno de: transferencia, tarjeta, efectivo"
313,V-1313,2025-10-26,Carlos Rodriguez,Servicio de consultoria,1,18328.62,mercadopago,"medioPago debe ser uno de: transferencia, tarjeta, efectivo"
340,V-1340,2025-10-27,Restaurante El Puerto,Carpeta A4,44,49977.54,cheque,"medioPago debe ser uno de: transferencia, tarjeta, efectivo"
347,V-1347,2025-10-28,Escuela Sarmiento,Servicio mensual,1,48004.43,mercadopago,"medioPago debe ser uno de: transferencia, tarjeta, efectivo"
349,V-1349,2025-10-28,Clinica Belgrano,Monitor 24'',3,535946.77,mercadopago,"medioPago debe ser uno de: transferencia, tarjeta, efectivo"
364,V-1364,2025-10-29,Martin Castro,Cuaderno,7,3267.84,mercadopago,"medioPago debe ser uno de: transferencia, tarjeta, efectivo"
374,V-1374,2025-10-30,Martin Castro,Teclado mecanico,4,142241.08,mercadopago,"medioPago debe ser uno de: transferencia, tarjeta, efectivo"
379,V-1379,2025-10-30,Supermercado Don Pepe,Bolsas x100,54,58988.91,mercadopago,"medioPago debe ser uno de: transferencia, tarjeta, efectivo"
408,V-1408,2025-11-01,Martin Castro,Agua mineral x6,31,59819.3,mercadopago,"medioPago debe ser uno de: transferencia, tarjeta, efectivo"
414,V-1414,2025-11-02,Inmobiliaria Sol,Silla ergonomica,6,522127.19,cheque,"medioPago debe ser uno de: transferencia, tarjeta, efectivo"
428,V-1428,2025-11-03,Martin Castro,Harina x25kg,3,10169.26,mercadopago,"medioPago debe ser uno de: transferencia, tarjeta, efectivo"
444,V-1444,2025-11-04,Ana Martinez,Notebook Lenovo,3,1918257.25,mercadopago,"medioPago debe ser uno de: transferencia, tarjeta, efectivo"
454,V-1454,2025-11-05,Estudio Contable RyR,Teclado mecanico,2,77732.29,mercadopago,"medioPago debe ser uno de: transferencia, tarjeta, efectivo"
456,V-1456,2025-11-05,Garcia SA,Cable HDMI,5,18470.33,mercadopago,"medioPago debe ser uno de: transferencia, tarjeta, efectivo"
484,V-1484,2025-11-07,Libreria Central,Silla ergonomica,1,85620.64,mercadopago,"medioPago debe ser uno de: transferencia, tarjeta, efectivo"
487,V-1487,2025-11-07,Taller Mecanico Lopez,Aceite x12,9,50791.3,mercadopago,"medioPago debe ser uno de: transferencia, tarjeta, efectivo"
497,V-1497,2025-11-08,Kiosco El Sol,Servicio de consultoria,1,18555.14,mercadopago,"medioPago debe ser uno de: transferencia, tarjeta, efectivo"
511,V-1511,2025-11-08,Agropecuaria Campo Verde,Carpeta A4,42,54898.22,mercadopago,"medioPago debe ser uno de: transferencia, tarjeta, efectivo"
515,V-1515,2025-11-09,Clinica Belgrano,Disco SSD 1TB,1,77897.4,mercadopago,"medioPago debe ser uno de: transferencia, tarjeta, efectivo"
534,V-1534,2025-11-10,Constructora Norte,Carpeta A4,34,37432.44,mercadopago,"medioPago debe ser uno de: transferencia, tarjeta, efectivo"
537,V-1537,2025-11-10,Carniceria El Toro,Agua mineral x6,6,10353.25,mercadopago,"medioPago debe ser uno de: transferencia, tarjeta, efectivo"
542,V-1542,2025-11-11,Distribuidora Sur,Monitor 24'',4,691787.86,mercadopago,"medioPago debe ser uno de: transferencia, tarjeta, efectivo"
550,V-1550,2025-11-11,Bar La Esquina,Cartucho tinta,3,19631.21,mercadopago,"medioPago debe ser uno de: transferencia, tarjeta, efectivo"
551,V-1551,2025-11-11,Transportes Rios,Mouse inalambrico,8,82610.36,mercadopago,"medioPago debe ser uno de: transferencia, tarjeta, efectivo"
552,V-1552,2025-11-11,Carniceria El Toro,Golosinas surtidas,20,3282.09,cheque,"medioPago debe ser uno de: transferencia, tarjeta, efectivo"
553,V-1553,2025-11-11,Escuela Sarmiento,Harina x25kg,12,38728.56,mercadopago,"medioPago debe ser uno de: transferencia, tarjeta, efectivo"
560,V-1560,2025-11-12,Ferreteria Nuñez,Resma A4,39,41308.46,cheque,"medioPago debe ser uno de: transferencia, tarjeta, efectivo"
568,V-1568,2025-11-13,Inmobiliaria Sol,Servicio mensual,1,44771.52,cheque,"medioPago debe ser uno de: transferencia, tarjeta, efectivo"
574,V-1574,2025-11-13,Lucia Fernandez,Hosting mensual,1,11169.66,mercadopago,"medioPago debe ser uno de: transferencia, tarjeta, efectivo"
601,V-1601,2025-11-15,Bar La Esquina,Detergente 5L,2,8827.64,mercadopago,"medioPago debe ser uno de: transferencia, tarjeta, efectivo"
607,V-1607,2025-11-15,Estudio Contable RyR,Disco SSD 1TB,5,337824.67,mercadopago,"medioPago debe ser uno de: transferencia, tarjeta, efectivo"
609,V-1609,2025-11-15,Gimnasio Fuerza,Detergente 5L,5,19659.56,cheque,"medioPago debe ser uno de: transferencia, tarjeta, efectivo"
626,V-1626,2025-11-16,Garcia SA,Notebook Lenovo,1,619768.73,cheque,"medioPago debe ser uno de: transferencia, tarjeta, efectivo"
658,V-1658,2025-11-18,Consultora Delta,Capacitacion,3,195771.71,mercadopago,"medioPago debe ser uno de: transferencia, tarjeta, efectivo"
665,V-1665,2025-11-19,Valentina Diaz,Capacitacion,2,119139.83,cheque,"medioPago debe ser uno de: transferencia, tarjeta, efectivo"
683,V-1683,2025-11-20,Comercial Andrade,Cafe en grano,15,29654.42,mercadopago,"medioPago debe ser uno de: transferencia, tarjeta, efectivo"
685,V-1685,2025-11-20,Imprenta Rapida,Pendrive 64GB,6,55242.09,mercadopago,"medioPago debe ser uno de: transferencia, tarjeta, efectivo"
687,V-1687,2025-11-20,Clinica Belgrano,Resma A4,36,35433.94,mercadopago,"medioPago debe ser uno de: transferencia, tarjeta, efectivo"
711,V-1711,2025-11-22,Veterinaria Patitas,Toner HP,5,36925.89,mercadopago,"medioPago debe ser uno de: transferencia, tarjeta, efectivo"
714,V-1714,2025-11-22,Distribuidora Sur,Cuaderno,30,13962.41,mercadopago,"medioPago debe ser uno de: transferencia, tarjeta, efectivo"
720,V-1720,2025-11-22,Almacen La Paz,Disco SSD 1TB,3,225763.77,mercadopago,"medioPago debe ser uno de: transferencia, tarjeta, efectivo"
731,V-1731,2025-11-23,Mueblerias Hogar,Detergente 5L,5,20555.51,mercadopago,"medioPago debe ser uno de: transferencia, tarjeta, efectivo"
734,V-1734,2025-11-23,Cafe Colonial,Servicio de consultoria,1,20238.15,mercadopago,"medioPago debe ser uno de: transferencia, tarjeta, efectivo"
740,V-1740,2025-11-23,Lucia Fernandez,Silla ergonomica,4,397927.59,mercadopago,"medioPago debe ser uno de: transferencia, tarjeta, efectivo"
765,V-1765,2025-11-25,Sofia Ramirez,Tornillos x100,14,2346.97,mercadopago,"medioPago debe ser uno de: transferencia, tarjeta, efectivo"
770,V-1770,2025-11-25,Cafe Colonial,Silla ergonomica,5,483648.73,mercadopago,"medioPago debe ser uno de: transferencia, tarjeta, efectivo"
776,V-1776,2025-11-26,Veterinaria Patitas,Cafe en grano,11,23799.91,mercadopago,"medioPago debe ser uno de: transferencia, tarjeta, efectivo"
782,V-1782,2025-11-26,Gimnasio Fuerza,Servicio mensual,1,49493.35,mercadopago,"medioPago debe ser uno de: transferencia, tarjeta, efectivo"
788,V-1788,2025-11-27,Bar La Esquina,Auriculares,8,186524.34,cheque,"medioPago debe ser uno de: transferencia, tarjeta, efectivo"
790,V-1790,2025-11-27,Ana Martinez,Tornillos x100,45,6650.01,mercadopago,"medioPago debe ser uno de: transferencia, tarjeta, efectivo"
793,V-1793,2025-11-27,Sofia Ramirez,Golosinas surtidas,35,5616.02,mercadopago,"medioPago debe ser uno de: transferencia, tarjeta, efectivo"
798,V-1798,2025-11-28,Transportes Rios,Teclado mecanico,4,164707.81,mercadopago,"medioPago debe ser uno de: transferencia, tarjeta, efectivo"
800,V-1800,2025-11-28,Inmobiliaria Sol,Disco SSD 1TB,1,78264.39,mercadopago,"medioPago debe ser uno de: transferencia, tarjeta, efectivo"
802,V-1802,2025-11-28,Panaderia Ortiz,Mouse inalambrico,1,10113.95,mercadopago,"medioPago debe ser uno de: transferencia, tarjeta, efectivo"
803,V-1803,2025-11-28,Inmobiliaria Sol,Notebook Lenovo,3,2038577.51,cheque,"medioPago debe ser uno de: transferencia, tarjeta, efectivo"
804,V-1804,2025-11-28,Valentina Diaz,Teclado mecanico,4,163727.8,mercadopago,"medioPago debe ser uno de: transferencia, tarjeta, efectivo"
825,V-1825,2025-11-29,Almacen La Paz,Pendrive 64GB,9,77789.85,cheque,"medioPago debe ser uno de: transferencia, tarjeta, efectivo"
829,V-1829,2025-11-29,Optica Vision,Monitor 24'',4,652695.46,mercadopago,"medioPago debe ser uno de: transferencia, tarjeta, efectivo"
841,V-1841,2025-11-30,Juan Perez,Cafe en grano,8,15484.79,mercadopago,"medioPago debe ser uno de: transferencia, tarjeta, efectivo"
844,V-1844,2025-11-30,Carlos Rodriguez,Toner HP,6,49176.91,mercadopago,"medioPago debe ser uno de: transferencia, tarjeta, efectivo"
864,V-1864,2025-12-02,Almacen La Paz,Tornillos x100,20,3224.02,mercadopago,"medioPago debe ser uno de: transferencia, tarjeta, efectivo"
865,V-1865,2025-12-02,Transportes Rios,Cartucho tinta,8,47234.64,mercadopago,"medioPago debe ser uno de: transferencia, tarjeta, efectivo"
884,V-1884,2025-12-04,Diego Torres,Silla ergonomica,3,258597.37,mercadopago,"medioPago debe ser uno de: transferencia, tarjeta, efectivo"
885,V-1885,2025-12-04,Carlos Rodriguez,Bolsas x100,43,44547.96,cheque,"medioPago debe ser uno de: transferencia, tarjeta, efectivo"
892,V-1892,2025-12-04,Comercial Andrade,Detergente 5L,19,85914.31,mercadopago,"medioPago debe ser uno de: transferencia, tarjeta, efectivo"
896,V-1896,2025-12-04,Consultora Delta,Notebook Lenovo,3,1757531.93,mercadopago,"medioPago debe ser uno de: transferencia, tarjeta, efectivo"
898,V-1898,2025-12-05,Supermercado Don Pepe,Resma A4,6,6522.43,cheque,"medioPago debe ser uno de: transferencia, tarjeta, efectivo"
903,V-1903,2025-12-05,Taller Mecanico Lopez,Capacitacion,2,120472.2,mercadopago,"medioPago debe ser uno de: transferencia, tarjeta, efectivo"
905,V-1905,2025-12-05,Marta Gomez,Servicio de mantenimiento,1,29347.42,mercadopago,"medioPago debe ser uno de: transferencia, tarjeta, efectivo"
914,V-1914,2025-12-06,Carlos Rodriguez,Bolsas x100,9,10083.92,mercadopago,"medioPago debe ser uno de: transferencia, tarjeta, efectivo"
921,V-1921,2025-12-06,Carlos Rodriguez,Cartucho tinta,1,6398.68,cheque,"medioPago debe ser uno de: transferencia, tarjeta, efectivo"
925,V-1925,2025-12-07,Transportes Rios,Teclado mecanico,3,106299.98,mercadopago,"medioPago debe ser uno de: transferencia, tarjeta, efectivo"
934,V-1934,2025-12-07,Farmacia San Martin,Servicio mensual,1,42084.7,mercadopago,"medioPago debe ser uno de: transferencia, tarjeta, efectivo"
937,V-1937,2025-12-07,Cafe Colonial,Detergente 5L,7,31994.03,mercadopago,"medioPago debe ser uno de: transferencia, tarjeta, efectivo"
938,V-1938,2025-12-07,Panaderia Ortiz,Carpeta A4,50,54784.53,mercadopago,"medioPago debe ser uno de: transferencia, tarjeta, efectivo"
940,V-1940,2025-12-07,Taller Mecanico Lopez,Harina x25kg,11,33619.46,mercadopago,"medioPago debe ser uno de: transferencia, tarjeta, efectivo"
942,V-1942,2025-12-07,Consultora Delta,Golosinas surtidas,61,8687.32,mercadopago,"medioPago debe ser uno de: transferencia, tarjeta, efectivo"
960,V-1960,2025-12-09,Carniceria El Toro,Licencia software anual,2,263923.44,mercadopago,"medioPago debe ser uno de: transferencia, tarjeta, efectivo"
972,V-1972,2025-12-10,Panaderia Ortiz,Hosting mensual,1,13013.15,cheque,"medioPago debe ser uno de: transferencia, tarjeta, efectivo"
973,V-1973,2025-12-10,Martin Castro,Harina x25kg,11,34985.5,mercadopago,"medioPago debe ser uno de: transferencia, tarjeta, efectivo"
974,V-1974,2025-12-10,Ana Martinez,Servicio de mantenimiento,1,35073.1,mercadopago,"medioPago debe ser uno de: transferencia, tarjeta, efectivo"
982,V-1982,2025-12-10,Pedro Sanchez,Teclado mecanico,4,159391.54,mercadopago,"medioPago debe ser uno de: transferencia, tarjeta, efectivo"
987,V-1987,2025-12-10,Agropecuaria Campo Verde,Cafe en grano,10,19315.57,mercadopago,"medioPago debe ser uno de: transferencia, tarjeta, efectivo"
990,V-1990,2025-12-10,Libreria Central,Capacitacion,1,58980.63,mercadopago,"medioPago debe ser uno de: transferencia, tarjeta, efectivo"
994,V-1994,2025-12-11,Ana Martinez,Auriculares,2,45742.79,mercadopago,"medioPago debe ser uno de: transferencia, tarjeta, efectivo"
1009,V-2009,2025-12-11,Hotel Plaza,Mouse inalambrico,4,42561.95,mercadopago,"medioPago debe ser uno de: transferencia, tarjeta, efectivo"
1010,V-2010,2025-12-11,Garcia SA,Servicio mensual,1,40644.35,cheque,"medioPago debe ser uno de: transferencia, tarjeta, efectivo"
1049,V-2049,2025-12-15,Juan Perez,Cuaderno,9,3976.12,cheque,"medioPago debe ser uno de: transferencia, tarjeta, efectivo"
1055,V-2055,2025-12-15,Transportes Rios,Agua mineral x6,14,23997.11,mercadopago,"medioPago debe ser uno de: transferencia, tarjeta, efectivo"
1056,V-2056,2025-12-15,Mueblerias Hogar,Golosinas surtidas,52,7405.97,mercadopago,"medioPago debe ser uno de: transferencia, tarjeta, efectivo"
1058,V-2058,2025-12-15,Mueblerias Hogar,Auriculares,7,150848.14,cheque,"medioPago debe ser uno de: transferencia, tarjeta, efectivo"
1060,V-2060,2025-12-16,Peluqueria Glamour,Teclado mecanico,3,118373.88,mercadopago,"medioPago debe ser uno de: transferencia, tarjeta, efectivo"
1063,V-2063,2025-12-16,Ana Martinez,Armazon,2,29567.93,mercadopago,"medioPago debe ser uno de: transferencia, tarjeta, efectivo"
1077,V-2077,2025-12-17,Veterinaria Patitas,Licencia software anual,4,464308.82,cheque,"medioPago debe ser uno de: transferencia, tarjeta, efectivo"
1083,V-2083,2025-12-17,Hotel Plaza,Agua mineral x6,25,40649.67,mercadopago,"medioPago debe ser uno de: transferencia, tarjeta, efectivo"
1087,V-2087,2025-12-17,Inmobiliaria Sol,Cuaderno,17,7974.27,mercadopago,"medioPago debe ser uno de: transferencia, tarjeta, efectivo"
1092,V-2092,2025-12-18,Imprenta Rapida,Bolsas x100,6,6151.51,mercadopago,"medioPago debe ser uno de: transferencia, tarjeta, efectivo"
1094,V-2094,2025-12-18,Distribuidora Sur,Carpeta A4,47,52148.55,mercadopago,"medioPago debe ser uno de: transferencia, tarjeta, efectivo"
1095,V-2095,2025-12-18,Veterinaria Patitas,Agua mineral x6,36,59492.13,mercadopago,"medioPago debe ser uno de: transferencia, tarjeta, efectivo"
1096,V-2096,2025-12-18,Pedro Sanchez,Auriculares,2,45267.08,mercadopago,"medioPago debe ser uno de: transferencia, tarjeta, efectivo"
1097,V-2097,2025-12-18,Valentina Diaz,Cable HDMI,12,43890.24,mercadopago,"medioPago debe ser uno de: transferencia, tarjeta, efectivo"
1099,V-2099,2025-12-18,Mueblerias Hogar,Toner HP,1,7841.19,mercadopago,"medioPago debe ser uno de: transferencia, tarjeta, efectivo"
1112,V-2112,2025-12-19,Optica Vision,Capacitacion,3,194845.55,cheque,"medioPago debe ser uno de: transferencia, tarjeta, efectivo"
1113,V-2113,2025-12-19,Escuela Sarmiento,Cartucho tinta,7,44020.43,cheque,"medioPago debe ser uno de: transferencia, tarjeta, efectivo"
1122,V-2122,2025-12-20,Bar La Esquina,Silla ergonomica,2,206912.4,cheque,"medioPago debe ser uno de: transferencia, tarjeta, efectivo"
1134,V-2134,2025-12-20,Ana Martinez,Capacitacion,3,166467.22,mercadopago,"medioPago debe ser uno de: transferencia, tarjeta, efectivo"
1143,V-2143,2025-12-21,Ana Martinez,Servicio mensual,1,43197.38,mercadopago,"medioPago debe ser uno de: transferencia, tarjeta, efectivo"
1146,V-2146,2025-12-21,Ferreteria Nuñez,Mouse inalambrico,3,28812.35,mercadopago,"medioPago debe ser uno de: transferencia, tarjeta, efectivo"
1162,V-2162,2025-12-23,Consultora Delta,Armazon,4,62027.64,mercadopago,"medioPago debe ser uno de: transferencia, tarjeta, efectivo"
1167,V-2167,2025-12-23,Comercial Andrade,Cartucho tinta,8,55206.81,mercadopago,"medioPago debe ser uno de: transferencia, tarjeta, efectivo"
1171,V-2171,2025-12-23,Taller Mecanico Lopez,Bolsas x100,39,45042.15,cheque,"medioPago debe ser uno de: transferencia, tarjeta, efectivo"
1173,V-2173,2025-12-24,Inmobiliaria Sol,Tornillos x100,48,8340.76,mercadopago,"medioPago debe ser uno de: transferencia, tarjeta, efectivo"
1183,V-2183,2025-12-24,Peluqueria Glamour,Silla ergonomica,2,174220.26,mercadopago,"medioPago debe ser uno de: transferencia, tarjeta, efectivo"
1190,V-2190,2025-12-25,Carlos Rodriguez,Carpeta A4,7,7829.33,mercadopago,"medioPago debe ser uno de: transferencia, tarjeta, efectivo"
1209,V-2209,2025-12-26,Farmacia San Martin,Licencia software anual,1,118341.78,mercadopago,"medioPago debe ser uno de: transferencia, tarjeta, efectivo"
1215,V-2215,2025-12-26,Sofia Ramirez,Servicio de mantenimiento,1,30034.74,mercadopago,"medioPago debe ser uno de: transferencia, tarjeta, efectivo"
1218,V-2218,2025-12-27,Farmacia San Martin,Servicio mensual,1,45454.46,mercadopago,"medioPago debe ser uno de: transferencia, tarjeta, efectivo"
1230,V-2230,2025-12-28,Consultora Delta,Agua mineral x6,14,27427.91,mercadopago,"medioPago debe ser uno de: transferencia, tarjeta, efectivo"
1231,V-2231,2025-12-28,Taller Mecanico Lopez,Aceite x12,1,5862.35,cheque,"medioPago debe ser uno de: transferencia, tarjeta, efectivo"
1237,V-2237,2025-12-28,Pedro Sanchez,Pendrive 64GB,19,148788.1,mercadopago,"medioPago debe ser uno de: transferencia, tarjeta, efectivo"
1242,V-2242,2025-12-29,Diego Torres,Pendrive 64GB,6,47826.37,mercadopago,"medioPago debe ser uno de: transferencia, tarjeta, efectivo"
1249,V-2249,2025-12-29,Comercial Andrade,Agua mineral x6,43,69868.93,mercadopago,"medioPago debe ser uno de: transferencia, tarjeta, efectivo"
1251,V-2251,2025-12-29,Agropecuaria Campo Verde,Resma A4,17,15615.65,mercadopago,"medioPago debe ser uno de: transferencia, tarjeta, efectivo"
1259,V-2259,2025-12-29,Ferreteria Nuñez,Licencia software anual,3,332521.27,mercadopago,"medioPago debe ser uno de: transferencia, tarjeta, efectivo"
1262,V-2262,2025-12-30,Consultora Delta,Cuaderno,27,13062.23,mercadopago,"medioPago debe ser uno de: transferencia, tarjeta, efectivo"
1274,V-2274,2025-12-31,Marta Gomez,Silla ergonomica,2,205994.36,mercadopago,"medioPago debe ser uno de: transferencia, tarjeta, efectivo"
1286,V-2286,2026-01-01,Farmacia San Martin,Detergente 5L,16,67927.86,mercadopago,"medioPago debe ser uno de: transferencia, tarjeta, efectivo"
1287,V-2287,2026-01-01,Almacen La Paz,Lapiceras x12,11,27505.38,mercadopago,"medioPago debe ser uno de: transferencia, tarjeta, efectivo"
1296,V-2296,2026-01-02,Ferreteria Nuñez,Servicio mensual,1,42663.02,cheque,"medioPago debe ser uno de: transferencia, tarjeta, efectivo"
1298,V-2298,2026-01-02,Comercial Andrade,Harina x25kg,3,10124.93,cheque,"medioPago debe ser uno de: transferencia, tarjeta, efectivo"
1304,V-2304,2026-01-03,Supermercado Don Pepe,Resma A4,10,10796.58,mercadopago,"medioPago debe ser uno de: transferencia, tarjeta, efectivo"
1305,V-2305,2026-01-03,Optica Vision,Hosting mensual,1,12645.18,cheque,"medioPago debe ser uno de: transferencia, tarjeta, efectivo"
1314,V-2314,2026-01-04,Escuela Sarmiento,Bolsas x100,54,58933.6,cheque,"medioPago debe ser uno de: transferencia, tarjeta, efectivo"
1315,V-2315,2026-01-04,Distribuidora Sur,Disco SSD 1TB,4,309017.52,mercadopago,"medioPago debe ser uno de: transferencia, tarjeta, efectivo"
1319,V-2319,2026-01-04,Farmacia San Martin,Detergente 5L,15,63074.87,mercadopago,"medioPago debe ser uno de: transferencia, tarjeta, efectivo"
1324,V-2324,2026-01-04,Carniceria El Toro,Armazon,4,61609.26,mercadopago,"medioPago debe ser uno de: transferencia, tarjeta, efectivo"
1325,V-2325,2026-01-05,Estudio Contable RyR,Monitor 24'',1,165089.61,mercadopago,"medioPago debe ser uno de: transferencia, tarjeta, efectivo"
1334,V-2334,2026-01-05,Sofia Ramirez,Resma A4,24,25536.18,mercadopago,"medioPago debe ser uno de: transferencia, tarjeta, efectivo"
1337,V-2337,2026-01-06,Gimnasio Fuerza,Disco SSD 1TB,3,209904,mercadopago,"medioPago debe ser uno de: transferencia, tarjeta, efectivo"
1338,V-2338,2026-01-06,Optica Vision,Silla ergonomica,4,382698.48,mercadopago,"medioPago debe ser uno de: transferencia, tarjeta, efectivo"
1346,V-2346,2026-01-06,Ana Martinez,Licencia software anual,4,452749.18,mercadopago,"medioPago debe ser uno de: transferencia, tarjeta, efectivo"
1354,V-2354,2026-01-07,Estudio Contable RyR,Bolsas x100,44,52638.89,cheque,"medioPago debe ser uno de: transferencia, tarjeta, efectivo"
1356,V-2356,2026-01-07,Cafe Colonial,Teclado mecanico,1,37972.68,mercadopago,"medioPago debe ser uno de: transferencia, tarjeta, efectivo"
1359,V-2359,2026-01-07,Escuela Sarmiento,Monitor 24'',4,664488.16,mercadopago,"medioPago debe ser uno de: transferencia, tarjeta, efectivo"
1361,V-2361,2026-01-07,Consultora Delta,Armazon,2,31046.88,mercadopago,"medioPago debe ser uno de: transferencia, tarjeta, efectivo"
1364,V-2364,2026-01-07,Agropecuaria Campo Verde,Armazon,3,44966.34,cheque,"medioPago debe ser uno de: transferencia, tarjeta, efectivo"
1380,V-2380,2026-01-10,Hotel Plaza,Tornillos x100,10,1464.76,mercadopago,"medioPago debe ser uno de: transferencia, tarjeta, efectivo"
1385,V-2385,2026-01-10,Escuela Sarmiento,Toner HP,3,26699.57,cheque,"medioPago debe ser uno de: transferencia, tarjeta, efectivo"
1392,V-2392,2026-01-10,Constructora Norte,Monitor 24'',4,710792.93,mercadopago,"medioPago debe ser uno de: transferencia, tarjeta, efectivo"
1393,V-2393,2026-01-11,Consultora Delta,Aceite x12,3,16066.74,mercadopago,"medioPago debe ser uno de: transferencia, tarjeta, efectivo"
1404,V-2404,2026-01-11,Imprenta Rapida,Servicio mensual,1,45607.22,mercadopago,"medioPago debe ser uno de: transferencia, tarjeta, efectivo"
1406,V-2406,2026-01-11,Martin Castro,Servicio mensual,1,45548.63,mercadopago,"medioPago debe ser uno de: transferencia, tarjeta, efectivo"
1413,V-2413,2026-01-12,Carniceria El Toro,Capacitacion,2,108888.2,mercadopago,"medioPago debe ser uno de: transferencia, tarjeta, efectivo"
1421,V-2421,2026-01-13,Carniceria El Toro,Carpeta A4,28,35724.51,cheque,"medioPago debe ser uno de: transferencia, tarjeta, efectivo"
1427,V-2427,2026-01-13,Diego Torres,Cafe en grano,11,21902.88,cheque,"medioPago debe ser uno de: transferencia, tarjeta, efectivo"
1434,V-2434,2026-01-14,Estudio Contable RyR,Agua mineral x6,14,26952.95,mercadopago,"medioPago debe ser uno de: transferencia, tarjeta, efectivo"
1440,V-2440,2026-01-14,Bar La Esquina,Lapiceras x12,16,37263.03,mercadopago,"medioPago debe ser uno de: transferencia, tarjeta, efectivo"
1454,V-2454,2026-01-16,Farmacia San Martin,Teclado mecanico,3,103074.85,mercadopago,"medioPago debe ser uno de: transferencia, tarjeta, efectivo"
1467,V-2467,2026-01-17,Sofia Ramirez,Aceite x12,9,55396.01,cheque,"medioPago debe ser uno de: transferencia, tarjeta, efectivo"
1468,V-2468,2026-01-17,Gimnasio Fuerza,Carpeta A4,38,42635.56,mercadopago,"medioPago debe ser uno de: transferencia, tarjeta, efectivo"
1471,V-2471,2026-01-17,Agropecuaria Campo Verde,Toner HP,4,34313.76,mercadopago,"medioPago debe ser uno de: transferencia, tarjeta, efectivo"
1482,V-2482,2026-01-18,Estudio Contable RyR,Agua mineral x6,29,51391.56,mercadopago,"medioPago debe ser uno de: transferencia, tarjeta, efectivo"
1492,V-2492,2026-01-19,Agropecuaria Campo Verde,Armazon,2,31749.52,mercadopago,"medioPago debe ser uno de: transferencia, tarjeta, efectivo"
1500,V-2500,2026-01-19,Martin Castro,Toner HP,1,7290.06,mercadopago,"medioPago debe ser uno de: transferencia, tarjeta, efectivo"
1502,V-2502,2026-01-20,Marta Gomez,Capacitacion,3,177977.37,mercadopago,"medioPago debe ser uno de: transferencia, tarjeta, efectivo"
1512,V-2512,2026-01-20,Juan Perez,Agua mineral x6,47,86628.31,mercadopago,"medioPago debe ser uno de: transferencia, tarjeta, efectivo"
1518,V-2518,2026-01-21,Kiosco El Sol,Detergente 5L,11,50112.93,mercadopago,"medioPago debe ser uno de: transferencia, tarjeta, efectivo"
1524,V-2524,2026-01-21,Supermercado Don Pepe,Detergente 5L,17,68881.86,cheque,"medioPago debe ser uno de: transferencia, tarjeta, efectivo"
1539,V-2539,2026-01-22,Restaurante El Puerto,Cartucho tinta,6,35275.83,mercadopago,"medioPago debe ser uno de: transferencia, tarjeta, efectivo"
1540,V-2540,2026-01-22,Kiosco El Sol,Aceite x12,7,41522.12,mercadopago,"medioPago debe ser uno de: transferencia, tarjeta, efectivo"
1547,V-2547,2026-01-23,Kiosco El Sol,Resma A4,7,6716.34,mercadopago,"medioPago debe ser uno de: transferencia, tarjeta, efectivo"
1555,V-2555,2026-01-23,Cafe Colonial,Toner HP,4,29924.59,cheque,"medioPago debe ser uno de: transferencia, tarjeta, efectivo"
1556,V-2556,2026-01-23,Almacen La Paz,Armazon,3,43650.9,mercadopago,"medioPago debe ser uno de: transferencia, tarjeta, efectivo"
1561,V-2561,2026-01-23,Taller Mecanico Lopez,Harina x25kg,7,22144.49,cheque,"medioPago debe ser uno de: transferencia, tarjeta, efectivo"
1568,V-2568,2026-01-24,Ana Martinez,Licencia software anual,4,458859.25,mercadopago,"medioPago debe ser uno de: transferencia, tarjeta, efectivo"
1576,V-2576,2026-01-24,Gimnasio Fuerza,Cuaderno,7,3176.18,mercadopago,"medioPago debe ser uno de: transferencia, tarjeta, efectivo"
1588,V-2588,2026-01-25,Juan Perez,Servicio de consultoria,1,16682.82,mercadopago,"medioPago debe ser uno de: transferencia, tarjeta, efectivo"
1595,V-2595,2026-01-26,Farmacia San Martin,Bolsas x100,19,19064.2,cheque,"medioPago debe ser uno de: transferencia, tarjeta, efectivo"
1599,V-2599,2026-01-26,Almacen La Paz,Capacitacion,3,176974.91,mercadopago,"medioPago debe ser uno de: transferencia, tarjeta, efectivo"
1602,V-2602,2026-01-27,Panaderia Ortiz,Tornillos x100,28,4071.97,mercadopago,"medioPago debe ser uno de: transferencia, tarjeta, efectivo"
1606,V-2606,2026-01-27,Ferreteria Nuñez,Golosinas surtidas,68,10735.73,mercadopago,"medioPago debe ser uno de: transferencia, tarjeta, efectivo"
1615,V-2615,2026-01-28,Distribuidora Sur,Hosting mensual,1,11351.43,mercadopago,"medioPago debe ser uno de: transferencia, tarjeta, efectivo"
1626,V-2626,2026-01-28,Gimnasio Fuerza,Cable HDMI,1,3201.63,mercadopago,"medioPago debe ser uno de: transferencia, tarjeta, efectivo"
1632,V-2632,2026-01-29,Inmobiliaria Sol,Silla ergonomica,3,259252.41,mercadopago,"medioPago debe ser uno de: transferencia, tarjeta, efectivo"
1637,V-2637,2026-01-29,Farmacia San Martin,Cafe en grano,4,7661.57,cheque,"medioPago debe ser uno de: transferencia, tarjeta, efectivo"
1639,V-2639,2026-01-29,Juan Perez,Servicio mensual,1,40746.15,mercadopago,"medioPago debe ser uno de: transferencia, tarjeta, efectivo"
1643,V-2643,2026-01-30,Distribuidora Sur,Teclado mecanico,4,144796.92,cheque,"medioPago debe ser uno de: transferencia, tarjeta, efectivo"
1652,V-2652,2026-01-30,Ferreteria Nuñez,Cuaderno,13,5497.33,mercadopago,"medioPago debe ser uno de: transferencia, tarjeta, efectivo"
1656,V-2656,2026-01-30,Libreria Central,Armazon,4,62377.72,mercadopago,"medioPago debe ser uno de: transferencia, tarjeta, efectivo"
1666,V-2666,2026-01-31,Farmacia San Martin,Hosting mensual,1,11820.48,mercadopago,"medioPago debe ser uno de: transferencia, tarjeta, efectivo"
1669,V-2669,2026-01-31,Bar La Esquina,Tornillos x100,39,5873.34,mercadopago,"medioPago debe ser uno de: transferencia, tarjeta, efectivo"
1688,V-2688,2026-02-01,Constructora Norte,Mouse inalambrico,1,10766.58,mercadopago,"medioPago debe ser uno de: transferencia, tarjeta, efectivo"
1698,V-2698,2026-02-02,Imprenta Rapida,Hosting mensual,1,12109.41,mercadopago,"medioPago debe ser uno de: transferencia, tarjeta, efectivo"
1707,V-2707,2026-02-03,Cafe Colonial,Lapiceras x12,23,51937.26,mercadopago,"medioPago debe ser uno de: transferencia, tarjeta, efectivo"
1708,V-2708,2026-02-03,Ana Martinez,Armazon,3,46240.62,mercadopago,"medioPago debe ser uno de: transferencia, tarjeta, efectivo"
1710,V-2710,2026-02-03,Kiosco El Sol,Teclado mecanico,2,70685.31,cheque,"medioPago debe ser uno de: transferencia, tarjeta, efectivo"
1713,V-2713,2026-02-03,Valentina Diaz,Licencia software anual,2,219205.06,mercadopago,"medioPago debe ser uno de: transferencia, tarjeta, efectivo"
1726,V-2726,2026-02-04,Ferreteria Nuñez,Capacitacion,3,173410.99,mercadopago,"medioPago debe ser uno de: transferencia, tarjeta, efectivo"
1731,V-2731,2026-02-04,Valentina Diaz,Armazon,4,58450.87,mercadopago,"medioPago debe ser uno de: transferencia, tarjeta, efectivo"
1732,V-2732,2026-02-04,Libreria Central,Auriculares,4,85931.25,mercadopago,"medioPago debe ser uno de: transferencia, tarjeta, efectivo"
1734,V-2734,2026-02-04,Hotel Plaza,Servicio de mantenimiento,1,30902.09,mercadopago,"medioPago debe ser uno de: transferencia, tarjeta, efectivo"
1737,V-2737,2026-02-05,Escuela Sarmiento,Notebook Lenovo,3,1980277.16,cheque,"medioPago debe ser uno de: transferencia, tarjeta, efectivo"
1740,V-2740,2026-02-05,Libreria Central,Licencia software anual,2,249870.7,mercadopago,"medioPago debe ser uno de: transferencia, tarjeta, efectivo"
1744,V-2744,2026-02-05,Optica Vision,Detergente 5L,12,54409.18,mercadopago,"medioPago debe ser uno de: transferencia, tarjeta, efectivo"
1756,V-2756,2026-02-05,Consultora Delta,Teclado mecanico,2,81096.18,mercadopago,"medioPago debe ser uno de: transferencia, tarjeta, efectivo"
1782,V-2782,2026-02-08,Ana Martinez,Silla ergonomica,5,492744.71,mercadopago,"medioPago debe ser uno de: transferencia, tarjeta, efectivo"
1809,V-2809,2026-02-11,Almacen La Paz,Golosinas surtidas,38,5851.53,mercadopago,"medioPago debe ser uno de: transferencia, tarjeta, efectivo"
1810,V-2810,2026-02-11,Taller Mecanico Lopez,Armazon,4,64343.5,mercadopago,"medioPago debe ser uno de: transferencia, tarjeta, efectivo"
1815,V-2815,2026-02-11,Almacen La Paz,Cable HDMI,15,48082.47,mercadopago,"medioPago debe ser uno de: transferencia, tarjeta, efectivo"
1828,V-2828,2026-02-12,Agropecuaria Campo Verde,Aceite x12,7,36167.49,mercadopago,"medioPago debe ser uno de: transferencia, tarjeta, efectivo"
1832,V-2832,2026-02-12,Clinica Belgrano,Licencia software anual,3,364672.26,cheque,"medioPago debe ser uno de: transferencia, tarjeta, efectivo"
1833,V-2833,2026-02-13,Diego Torres,Servicio de consultoria,1,18708.83,cheque,"medioPago debe ser uno de: transferencia, tarjeta, efectivo"
1834,V-2834,2026-02-13,Martin Castro,Mouse inalambrico,9,81703.14,mercadopago,"medioPago debe ser uno de: transferencia, tarjeta, efectivo"
1835,V-2835,2026-02-13,Ana Martinez,Toner HP,1,7931.11,cheque,"medioPago debe ser uno de: transferencia, tarjeta, efectivo"
1843,V-2843,2026-02-13,Clinica Belgrano,Toner HP,4,32919.42,cheque,"medioPago debe ser uno de: transferencia, tarjeta, efectivo"
1847,V-2847,2026-02-13,Ferreteria Nuñez,Tornillos x100,41,6724.65,mercadopago,"medioPago debe ser uno de: transferencia, tarjeta, efectivo"
1852,V-2852,2026-02-13,Libreria Central,Licencia software anual,4,527012.48,cheque,"medioPago debe ser uno de: transferencia, tarjeta, efectivo"
1855,V-2855,2026-02-13,Inmobiliaria Sol,Notebook Lenovo,3,1925796.52,cheque,"medioPago debe ser uno de: transferencia, tarjeta, efectivo"
1856,V-2856,2026-02-13,Clinica Belgrano,Pendrive 64GB,13,101005.08,mercadopago,"medioPago debe ser uno de: transferencia, tarjeta, efectivo"
1862,V-2862,2026-02-14,Panaderia Ortiz,Armazon,4,63941.06,mercadopago,"medioPago debe ser uno de: transferencia, tarjeta, efectivo"
1868,V-2868,2026-02-14,Lucia Fernandez,Armazon,3,48488.37,mercadopago,"medioPago debe ser uno de: transferencia, tarjeta, efectivo"
1880,V-2880,2026-02-15,Inmobiliaria Sol,Monitor 24'',1,192239.18,mercadopago,"medioPago debe ser uno de: transferencia, tarjeta, efectivo"
1900,V-2900,2026-02-17,Estudio Contable RyR,Disco SSD 1TB,4,310378.57,mercadopago,"medioPago debe ser uno de: transferencia, tarjeta, efectivo"
1920,V-2920,2026-02-18,Sofia Ramirez,Harina x25kg,6,18740.97,mercadopago,"medioPago debe ser uno de: transferencia, tarjeta, efectivo"
1922,V-2922,2026-02-18,Panaderia Ortiz,Disco SSD 1TB,6,442239.96,mercadopago,"medioPago debe ser uno de: transferencia, tarjeta, efectivo"
1926,V-2926,2026-02-18,Hotel Plaza,Resma A4,25,27013.14,mercadopago,"medioPago debe ser uno de: transferencia, tarjeta, efectivo"
1939,V-2939,2026-02-19,Almacen La Paz,Disco SSD 1TB,6,471551.28,mercadopago,"medioPago debe ser uno de: transferencia, tarjeta, efectivo"
1943,V-2943,2026-02-19,Agropecuaria Campo Verde,Agua mineral x6,47,79529.61,mercadopago,"medioPago debe ser uno de: transferencia, tarjeta, efectivo"
1954,V-2954,2026-02-20,Bar La Esquina,Toner HP,2,17031.4,mercadopago,"medioPago debe ser uno de: transferencia, tarjeta, efectivo"
1960,V-2960,2026-02-20,Pedro Sanchez,Bolsas x100,10,11330.95,mercadopago,"medioPago debe ser uno de: transferencia, tarjeta, efectivo"
1965,V-2965,2026-02-21,Libreria Central,Teclado mecanico,2,74772.44,mercadopago,"medioPago debe ser uno de: transferencia, tarjeta, efectivo"
1978,V-2978,2026-02-22,Restaurante El Puerto,Resma A4,11,11363.21,mercadopago,"medioPago debe ser uno de: transferencia, tarjeta, efectivo"
2010,V-3010,2026-02-24,Mueblerias Hogar,Mouse inalambrico,2,20485.84,mercadopago,"medioPago debe ser uno de: transferencia, tarjeta, efectivo"
2018,V-3018,2026-02-25,Martin Castro,Cafe en grano,10,18412.2,mercadopago,"medioPago debe ser uno de: transferencia, tarjeta, efectivo"
2024,V-3024,2026-02-25,Estudio Contable RyR,Servicio de mantenimiento,1,33060.02,cheque,"medioPago debe ser uno de: transferencia, tarjeta, efectivo"
2042,V-3042,2026-02-27,Sofia Ramirez,Bolsas x100,36,38416.7,mercadopago,"medioPago debe ser uno de: transferencia, tarjeta, efectivo"
2055,V-3055,2026-02-28,Agropecuaria Campo Verde,Tornillos x100,38,6178.37,mercadopago,"medioPago debe ser uno de: transferencia, tarjeta, efectivo"
2063,V-3063,2026-02-28,Kiosco El Sol,Monitor 24'',4,733113.06,mercadopago,"medioPago debe ser uno de: transferencia, tarjeta, efectivo"
2070,V-3070,2026-03-01,Carniceria El Toro,Servicio de mantenimiento,1,29723.09,cheque,"medioPago debe ser uno de: transferencia, tarjeta, efectivo"
2078,V-3078,2026-03-01,Almacen La Paz,Cuaderno,27,11366.11,mercadopago,"medioPago debe ser uno de: transferencia, tarjeta, efectivo"
2102,V-3102,2026-03-03,Lucia Fernandez,Notebook Lenovo,1,675400.7,mercadopago,"medioPago debe ser uno de: transferencia, tarjeta, efectivo"
2104,V-3104,2026-03-03,Marta Gomez,Cable HDMI,1,3524,mercadopago,"medioPago debe ser uno de: transferencia, tarjeta, efectivo"
2107,V-3107,2026-03-03,Juan Perez,Tornillos x100,37,5767.06,mercadopago,"medioPago debe ser uno de: transferencia, tarjeta, efectivo"
2110,V-3110,2026-03-03,Ana Martinez,Servicio de consultoria,1,20061.72,mercadopago,"medioPago debe ser uno de: transferencia, tarjeta, efectivo"
2124,V-3124,2026-03-04,Carlos Rodriguez,Toner HP,4,34492.25,mercadopago,"medioPago debe ser uno de: transferencia, tarjeta, efectivo"
2125,V-3125,2026-03-04,Inmobiliaria Sol,Cartucho tinta,8,48888.2,cheque,"medioPago debe ser uno de: transferencia, tarjeta, efectivo"
2131,V-3131,2026-03-04,Farmacia San Martin,Golosinas surtidas,63,10129.43,mercadopago,"medioPago debe ser uno de: transferencia, tarjeta, efectivo"
2146,V-3146,2026-03-05,Pedro Sanchez,Cuaderno,16,7866.78,cheque,"medioPago debe ser uno de: transferencia, tarjeta, efectivo"
2150,V-3150,2026-03-05,Clinica Belgrano,Armazon,2,33739.66,mercadopago,"medioPago debe ser uno de: transferencia, tarjeta, efectivo"
2166,V-3166,2026-03-07,Panaderia Ortiz,Carpeta A4,27,30475.49,mercadopago,"medioPago debe ser uno de: transferencia, tarjeta, efectivo"
2172,V-3172,2026-03-07,Panaderia Ortiz,Carpeta A4,20,26285.4,mercadopago,"medioPago debe ser uno de: transferencia, tarjeta, efectivo"
2182,V-3182,2026-03-08,Inmobiliaria Sol,Aceite x12,4,22861.21,mercadopago,"medioPago debe ser uno de: transferencia, tarjeta, efectivo"
2184,V-3184,2026-03-08,Sofia Ramirez,Cafe en grano,13,24994.51,cheque,"medioPago debe ser uno de: transferencia, tarjeta, efectivo"
2187,V-3187,2026-03-08,Carlos Rodriguez,Servicio de mantenimiento,1,30737.35,mercadopago,"medioPago debe ser uno de: transferencia, tarjeta, efectivo"
2191,V-3191,2026-03-08,Sofia Ramirez,Silla ergonomica,3,271700.33,mercadopago,"medioPago debe ser uno de: transferencia, tarjeta, efectivo"
2195,V-3195,2026-03-09,Veterinaria Patitas,Servicio de consultoria,1,19375.06,mercadopago,"medioPago debe ser uno de: transferencia, tarjeta, efectivo"
2229,V-3229,2026-03-11,Comercial Andrade,Silla ergonomica,2,186821.13,mercadopago,"medioPago debe ser uno de: transferencia, tarjeta, efectivo"
2236,V-3236,2026-03-11,Distribuidora Sur,Hosting mensual,1,12475.99,mercadopago,"medioPago debe ser uno de: transferencia, tarjeta, efectivo"
2238,V-3238,2026-03-11,Escuela Sarmiento,Capacitacion,1,59863.06,mercadopago,"medioPago debe ser uno de: transferencia, tarjeta, efectivo"
2245,V-3245,2026-03-12,Martin Castro,Harina x25kg,9,30607.89,mercadopago,"medioPago debe ser uno de: transferencia, tarjeta, efectivo"
2252,V-3252,2026-03-13,Estudio Contable RyR,Licencia software anual,4,504812.31,mercadopago,"medioPago debe ser uno de: transferencia, tarjeta, efectivo"
2268,V-3268,2026-03-13,Panaderia Ortiz,Notebook Lenovo,1,652057.44,mercadopago,"medioPago debe ser uno de: transferencia, tarjeta, efectivo"
2280,V-3280,2026-03-14,Ana Martinez,Servicio de mantenimiento,1,34130.75,mercadopago,"medioPago debe ser uno de: transferencia, tarjeta, efectivo"
2285,V-3285,2026-03-14,Optica Vision,Monitor 24'',4,734661.07,mercadopago,"medioPago debe ser uno de: transferencia, tarjeta, efectivo"
2291,V-3291,2026-03-15,Juan Perez,Teclado mecanico,1,36460.77,mercadopago,"medioPago debe ser uno de: transferencia, tarjeta, efectivo"
2298,V-3298,2026-03-16,Agropecuaria Campo Verde,Teclado mecanico,2,83188.19,mercadopago,"medioPago debe ser uno de: transferencia, tarjeta, efectivo"
2325,V-3325,2026-03-17,Sofia Ramirez,Detergente 5L,4,15345.19,mercadopago,"medioPago debe ser uno de: transferencia, tarjeta, efectivo"
2364,V-3364,2026-03-20,Hotel Plaza,Cafe en grano,12,25216.39,mercadopago,"medioPago debe ser uno de: transferencia, tarjeta, efectivo"
2389,V-3389,2026-03-22,Transportes Rios,Hosting mensual,1,13026.73,mercadopago,"medioPago debe ser uno de: transferencia, tarjeta, efectivo"
2398,V-3398,2026-03-23,Consultora Delta,Licencia software anual,5,608474.05,mercadopago,"medioPago debe ser uno de: transferencia, tarjeta, efectivo"
2427,V-3427,2026-03-25,Escuela Sarmiento,Agua mineral x6,16,27580.28,mercadopago,"medioPago debe ser uno de: transferencia, tarjeta, efectivo"
2439,V-3439,2026-03-26,Transportes Rios,Cable HDMI,7,26405.08,mercadopago,"medioPago debe ser uno de: transferencia, tarjeta, efectivo"
2441,V-3441,2026-03-26,Inmobiliaria Sol,Cable HDMI,7,25732.99,mercadopago,"medioPago debe ser uno de: transferencia, tarjeta, efectivo"
2449,V-3449,2026-03-26,Hotel Plaza,Mouse inalambrico,8,81738.12,mercadopago,"medioPago debe ser uno de: transferencia, tarjeta, efectivo"
2461,V-3461,2026-03-27,Panaderia Ortiz,Servicio de mantenimiento,1,35191.32,mercadopago,"medioPago debe ser uno de: transferencia, tarjeta, efectivo"
2484,V-3484,2026-03-29,Diego Torres,Cafe en grano,9,19364.78,mercadopago,"medioPago debe ser uno de: transferencia, tarjeta, efectivo"
2492,V-3492,2026-03-30,Juan Perez,Carpeta A4,24,27821.62,cheque,"medioPago debe ser uno de: transferencia, tarjeta, efectivo"
2512,V-3512,2026-03-31,Optica Vision,Tornillos x100,5,859.07,mercadopago,"medioPago debe ser uno de: transferencia, tarjeta, efectivo"
2519,V-3519,2026-04-01,Cafe Colonial,Mouse inalambrico,9,96907.65,mercadopago,"medioPago debe ser uno de: transferencia, tarjeta, efectivo"
2521,V-3521,2026-04-01,Carniceria El Toro,Cable HDMI,10,35329.86,cheque,"medioPago debe ser uno de: transferencia, tarjeta, efectivo"
2523,V-3523,2026-04-02,Clinica Belgrano,Agua mineral x6,9,16117.44,mercadopago,"medioPago debe ser uno de: transferencia, tarjeta, efectivo"
2529,V-3529,2026-04-02,Carniceria El Toro,Aceite x12,9,54526,mercadopago,"medioPago debe ser uno de: transferencia, tarjeta, efectivo"
2534,V-3534,2026-04-02,Taller Mecanico Lopez,Teclado mecanico,1,36698.69,mercadopago,"medioPago debe ser uno de: transferencia, tarjeta, efectivo"
2538,V-3538,2026-04-02,Panaderia Ortiz,Cartucho tinta,2,11898.19,mercadopago,"medioPago debe ser uno de: transferencia, tarjeta, efectivo"
2549,V-3549,2026-04-03,Kiosco El Sol,Servicio mensual,1,47461.17,cheque,"medioPago debe ser uno de: transferencia, tarjeta, efectivo"
2559,V-3559,2026-04-04,Marta Gomez,Cuaderno,7,3375.95,mercadopago,"medioPago debe ser uno de: transferencia, tarjeta, efectivo"
2560,V-3560,2026-04-04,Pedro Sanchez,Detergente 5L,6,26187.37,cheque,"medioPago debe ser uno de: transferencia, tarjeta, efectivo"
2561,V-3561,2026-04-04,Kiosco El Sol,Aceite x12,6,36592.2,cheque,"medioPago debe ser uno de: transferencia, tarjeta, efectivo"
2564,V-3564,2026-04-04,Estudio Contable RyR,Auriculares,2,42790.28,cheque,"medioPago debe ser uno de: transferencia, tarjeta, efectivo"
2579,V-3579,2026-04-05,Constructora Norte,Lapiceras x12,11,25577.73,cheque,"medioPago debe ser uno de: transferencia, tarjeta, efectivo"
2595,V-3595,2026-04-07,Bar La Esquina,Lapiceras x12,11,24836.27,mercadopago,"medioPago debe ser uno de: transferencia, tarjeta, efectivo"
2603,V-3603,2026-04-07,Agropecuaria Campo Verde,Cable HDMI,7,22149.47,mercadopago,"medioPago debe ser uno de: transferencia, tarjeta, efectivo"
2637,V-3637,2026-04-09,Inmobiliaria Sol,Lapiceras x12,24,58233.57,mercadopago,"medioPago debe ser uno de: transferencia, tarjeta, efectivo"
2639,V-3639,2026-04-10,Ana Martinez,Licencia software anual,5,619261.99,mercadopago,"medioPago debe ser uno de: transferencia, tarjeta, efectivo"
2642,V-3642,2026-04-10,Transportes Rios,Cuaderno,29,13761.38,mercadopago,"medioPago debe ser uno de: transferencia, tarjeta, efectivo"
2643,V-3643,2026-04-10,Distribuidora Sur,Pendrive 64GB,19,149075.72,mercadopago,"medioPago debe ser uno de: transferencia, tarjeta, efectivo"
2647,V-3647,2026-04-10,Carniceria El Toro,Notebook Lenovo,3,1993288.77,mercadopago,"medioPago debe ser uno de: transferencia, tarjeta, efectivo"
2653,V-3653,2026-04-10,Consultora Delta,Disco SSD 1TB,3,223240.46,cheque,"medioPago debe ser uno de: transferencia, tarjeta, efectivo"
2662,V-3662,2026-04-11,Inmobiliaria Sol,Cartucho tinta,8,49786.71,mercadopago,"medioPago debe ser uno de: transferencia, tarjeta, efectivo"
2695,V-3695,2026-04-13,Marta Gomez,Harina x25kg,2,5939.22,cheque,"medioPago debe ser uno de: transferencia, tarjeta, efectivo"
2700,V-3700,2026-04-13,Martin Castro,Monitor 24'',1,181597.6,cheque,"medioPago debe ser uno de: transferencia, tarjeta, efectivo"
2703,V-3703,2026-04-13,Ferreteria Nuñez,Teclado mecanico,1,39697.54,mercadopago,"medioPago debe ser uno de: transferencia, tarjeta, efectivo"
2704,V-3704,2026-04-13,Imprenta Rapida,Licencia software anual,5,599599.97,cheque,"medioPago debe ser uno de: transferencia, tarjeta, efectivo"
2711,V-3711,2026-04-14,Clinica Belgrano,Licencia software anual,1,131048.85,mercadopago,"medioPago debe ser uno de: transferencia, tarjeta, efectivo"
2717,V-3717,2026-04-14,Optica Vision,Disco SSD 1TB,4,281682.36,mercadopago,"medioPago debe ser uno de: transferencia, tarjeta, efectivo"
2733,V-3733,2026-04-15,Inmobiliaria Sol,Cuaderno,40,16217.85,cheque,"medioPago debe ser uno de: transferencia, tarjeta, efectivo"
2740,V-3740,2026-04-16,Sofia Ramirez,Auriculares,1,22944.47,cheque,"medioPago debe ser uno de: transferencia, tarjeta, efectivo"
2752,V-3752,2026-04-16,Clinica Belgrano,Agua mineral x6,12,21415.02,cheque,"medioPago debe ser uno de: transferencia, tarjeta, efectivo"
2757,V-3757,2026-04-17,Bar La Esquina,Carpeta A4,27,35380.93,cheque,"medioPago debe ser uno de: transferencia, tarjeta, efectivo"
2781,V-3781,2026-04-19,Escuela Sarmiento,Cable HDMI,14,48922.52,mercadopago,"medioPago debe ser uno de: transferencia, tarjeta, efectivo"
2785,V-3785,2026-04-20,Distribuidora Sur,Monitor 24'',2,330421.45,mercadopago,"medioPago debe ser uno de: transferencia, tarjeta, efectivo"
2787,V-3787,2026-04-20,Carniceria El Toro,Auriculares,7,141948.37,mercadopago,"medioPago debe ser uno de: transferencia, tarjeta, efectivo"
2795,V-3795,2026-04-21,Restaurante El Puerto,Notebook Lenovo,1,611463.81,cheque,"medioPago debe ser uno de: transferencia, tarjeta, efectivo"
2797,V-3797,2026-04-21,Panaderia Ortiz,Mouse inalambrico,8,78935.97,mercadopago,"medioPago debe ser uno de: transferencia, tarjeta, efectivo"
2806,V-3806,2026-04-21,Sofia Ramirez,Harina x25kg,5,15724.52,mercadopago,"medioPago debe ser uno de: transferencia, tarjeta, efectivo"
2817,V-3817,2026-04-22,Martin Castro,Servicio de mantenimiento,1,35001.07,mercadopago,"medioPago debe ser uno de: transferencia, tarjeta, efectivo"
2820,V-3820,2026-04-22,Juan Perez,Auriculares,1,23543.84,mercadopago,"medioPago debe ser uno de: transferencia, tarjeta, efectivo"
2829,V-3829,2026-04-22,Kiosco El Sol,Licencia software anual,4,458390.4,mercadopago,"medioPago debe ser uno de: transferencia, tarjeta, efectivo"
2831,V-3831,2026-04-22,Agropecuaria Campo Verde,Cartucho tinta,3,20892.39,mercadopago,"medioPago debe ser uno de: transferencia, tarjeta, efectivo"
2836,V-3836,2026-04-23,Consultora Delta,Hosting mensual,1,11684.83,mercadopago,"medioPago debe ser uno de: transferencia, tarjeta, efectivo"
2851,V-3851,2026-04-24,Garcia SA,Bolsas x100,30,32136.93,mercadopago,"medioPago debe ser uno de: transferencia, tarjeta, efectivo"
2852,V-3852,2026-04-24,Pedro Sanchez,Silla ergonomica,5,452470.69,mercadopago,"medioPago debe ser uno de: transferencia, tarjeta, efectivo"
2855,V-3855,2026-04-24,Bar La Esquina,Servicio mensual,1,46153.15,mercadopago,"medioPago debe ser uno de: transferencia, tarjeta, efectivo"
2856,V-3856,2026-04-24,Kiosco El Sol,Carpeta A4,37,47280.04,mercadopago,"medioPago debe ser uno de: transferencia, tarjeta, efectivo"
2878,V-3878,2026-04-26,Almacen La Paz,Licencia software anual,1,131223.23,cheque,"medioPago debe ser uno de: transferencia, tarjeta, efectivo"
2879,V-3879,2026-04-26,Comercial Andrade,Servicio de consultoria,1,20100.53,mercadopago,"medioPago debe ser uno de: transferencia, tarjeta, efectivo"
2889,V-3889,2026-04-27,Optica Vision,Pendrive 64GB,17,158510.43,mercadopago,"medioPago debe ser uno de: transferencia, tarjeta, efectivo"
2901,V-3901,2026-04-28,Pedro Sanchez,Capacitacion,3,188708.45,mercadopago,"medioPago debe ser uno de: transferencia, tarjeta, efectivo"
2905,V-3905,2026-04-28,Mueblerias Hogar,Hosting mensual,1,13021.91,mercadopago,"medioPago debe ser uno de: transferencia, tarjeta, efectivo"
2907,V-3907,2026-04-28,Optica Vision,Servicio de mantenimiento,1,33542.37,mercadopago,"medioPago debe ser uno de: transferencia, tarjeta, efectivo"
2911,V-3911,2026-04-28,Valentina Diaz,Pendrive 64GB,18,143917.51,mercadopago,"medioPago debe ser uno de: transferencia, tarjeta, efectivo"
2927,V-3927,2026-04-29,Consultora Delta,Notebook Lenovo,1,583047.4,cheque,"medioPago debe ser uno de: transferencia, tarjeta, efectivo"
2930,V-3930,2026-04-30,Agropecuaria Campo Verde,Pendrive 64GB,6,55631.76,mercadopago,"medioPago debe ser uno de: transferencia, tarjeta, efectivo"
2947,V-3947,2026-05-01,Distribuidora Sur,Hosting mensual,1,12300.84,mercadopago,"medioPago debe ser uno de: transferencia, tarjeta, efectivo"
2948,V-3948,2026-05-01,Imprenta Rapida,Pendrive 64GB,1,8629.93,cheque,"medioPago debe ser uno de: transferencia, tarjeta, efectivo"
2950,V-3950,2026-05-01,Hotel Plaza,Capacitacion,3,168971.54,cheque,"medioPago debe ser uno de: transferencia, tarjeta, efectivo"
2965,V-3965,2026-05-02,Constructora Norte,Servicio de consultoria,1,20009.53,mercadopago,"medioPago debe ser uno de: transferencia, tarjeta, efectivo"
2985,V-3985,2026-05-03,Almacen La Paz,Auriculares,8,190853.32,mercadopago,"medioPago debe ser uno de: transferencia, tarjeta, efectivo"
2999,V-3999,2026-05-04,Pedro Sanchez,Cartucho tinta,5,29913.36,mercadopago,"medioPago debe ser uno de: transferencia, tarjeta, efectivo"
3003,V-4003,2026-05-04,Bar La Esquina,Licencia software anual,3,365966.2,cheque,"medioPago debe ser uno de: transferencia, tarjeta, efectivo"
3008,V-4008,2026-05-04,Carniceria El Toro,Detergente 5L,10,38598.66,mercadopago,"medioPago debe ser uno de: transferencia, tarjeta, efectivo"
3011,V-4011,2026-05-05,Sofia Ramirez,Golosinas surtidas,34,4675.17,mercadopago,"medioPago debe ser uno de: transferencia, tarjeta, efectivo"
3012,V-4012,2026-05-05,Mueblerias Hogar,Cable HDMI,14,49367.52,mercadopago,"medioPago debe ser uno de: transferencia, tarjeta, efectivo"
3013,V-4013,2026-05-05,Kiosco El Sol,Auriculares,1,23387.4,cheque,"medioPago debe ser uno de: transferencia, tarjeta, efectivo"
3016,V-4016,2026-05-05,Sofia Ramirez,Cable HDMI,15,49697.95,cheque,"medioPago debe ser uno de: transferencia, tarjeta, efectivo"
3037,V-4037,2026-05-07,Agropecuaria Campo Verde,Golosinas surtidas,20,3001.52,mercadopago,"medioPago debe ser uno de: transferencia, tarjeta, efectivo"
3047,V-4047,2026-05-08,Garcia SA,Toner HP,4,31314.28,mercadopago,"medioPago debe ser uno de: transferencia, tarjeta, efectivo"
3072,V-4072,2026-05-09,Restaurante El Puerto,Servicio de mantenimiento,1,29945.14,mercadopago,"medioPago debe ser uno de: transferencia, tarjeta, efectivo"
3092,V-4092,2026-05-11,Comercial Andrade,Licencia software anual,3,355974.36,mercadopago,"medioPago debe ser uno de: transferencia, tarjeta, efectivo"
3098,V-4098,2026-05-11,Gimnasio Fuerza,Cartucho tinta,1,6449.57,cheque,"medioPago debe ser uno de: transferencia, tarjeta, efectivo"
3099,V-4099,2026-05-11,Farmacia San Martin,Agua mineral x6,15,26289.88,mercadopago,"medioPago debe ser uno de: transferencia, tarjeta, efectivo"
3113,V-4113,2026-05-12,Martin Castro,Agua mineral x6,17,27743.18,cheque,"medioPago debe ser uno de: transferencia, tarjeta, efectivo"
3124,V-4124,2026-05-13,Transportes Rios,Licencia software anual,1,111530.01,mercadopago,"medioPago debe ser uno de: transferencia, tarjeta, efectivo"
3133,V-4133,2026-05-14,Panaderia Ortiz,Cafe en grano,11,23286.33,cheque,"medioPago debe ser uno de: transferencia, tarjeta, efectivo"
3138,V-4138,2026-05-14,Libreria Central,Toner HP,1,7589.89,mercadopago,"medioPago debe ser uno de: transferencia, tarjeta, efectivo"
3141,V-4141,2026-05-14,Valentina Diaz,Agua mineral x6,43,80054.4,mercadopago,"medioPago debe ser uno de: transferencia, tarjeta, efectivo"
3144,V-4144,2026-05-14,Taller Mecanico Lopez,Cuaderno,8,3900.43,mercadopago,"medioPago debe ser uno de: transferencia, tarjeta, efectivo"
3149,V-4149,2026-05-15,Constructora Norte,Servicio mensual,1,44613.4,mercadopago,"medioPago debe ser uno de: transferencia, tarjeta, efectivo"
3150,V-4150,2026-05-15,Consultora Delta,Servicio de consultoria,1,19674.27,mercadopago,"medioPago debe ser uno de: transferencia, tarjeta, efectivo"
3152,V-4152,2026-05-15,Almacen La Paz,Carpeta A4,49,53461.87,cheque,"medioPago debe ser uno de: transferencia, tarjeta, efectivo"
3155,V-4155,2026-05-15,Supermercado Don Pepe,Resma A4,10,10304.08,cheque,"medioPago debe ser uno de: transferencia, tarjeta, efectivo"
3162,V-4162,2026-05-16,Inmobiliaria Sol,Cartucho tinta,7,46028.07,mercadopago,"medioPago debe ser uno de: transferencia, tarjeta, efectivo"
3170,V-4170,2026-05-16,Distribuidora Sur,Carpeta A4,41,47906.47,mercadopago,"medioPago debe ser uno de: transferencia, tarjeta, efectivo"
3184,V-4184,2026-05-17,Escuela Sarmiento,Servicio mensual,1,43006.02,cheque,"medioPago debe ser uno de: transferencia, tarjeta, efectivo"
3189,V-4189,2026-05-17,Carniceria El Toro,Teclado mecanico,1,37160.09,mercadopago,"medioPago debe ser uno de: transferencia, tarjeta, efectivo"
3192,V-4192,2026-05-18,Estudio Contable RyR,Servicio de consultoria,1,19772.21,cheque,"medioPago debe ser uno de: transferencia, tarjeta, efectivo"
3194,V-4194,2026-05-18,Supermercado Don Pepe,Carpeta A4,7,8809.7,mercadopago,"medioPago debe ser uno de: transferencia, tarjeta, efectivo"
3198,V-4198,2026-05-18,Ferreteria Nuñez,Bolsas x100,58,70026.55,mercadopago,"medioPago debe ser uno de: transferencia, tarjeta, efectivo"
3203,V-4203,2026-05-19,Ferreteria Nuñez,Silla ergonomica,1,93354.97,mercadopago,"medioPago debe ser uno de: transferencia, tarjeta, efectivo"
3212,V-4212,2026-05-19,Farmacia San Martin,Servicio de mantenimiento,1,35134.25,mercadopago,"medioPago debe ser uno de: transferencia, tarjeta, efectivo"
3217,V-4217,2026-05-19,Hotel Plaza,Monitor 24'',3,524063.44,mercadopago,"medioPago debe ser uno de: transferencia, tarjeta, efectivo"
3221,V-4221,2026-05-19,Estudio Contable RyR,Licencia software anual,1,129347.6,mercadopago,"medioPago debe ser uno de: transferencia, tarjeta, efectivo"
3225,V-4225,2026-05-20,Hotel Plaza,Servicio de consultoria,1,19303.22,mercadopago,"medioPago debe ser uno de: transferencia, tarjeta, efectivo"
3230,V-4230,2026-05-20,Libreria Central,Toner HP,3,22912.95,mercadopago,"medioPago debe ser uno de: transferencia, tarjeta, efectivo"
3238,V-4238,2026-05-21,Juan Perez,Aceite x12,6,31642.23,mercadopago,"medioPago debe ser uno de: transferencia, tarjeta, efectivo"
3240,V-4240,2026-05-21,Estudio Contable RyR,Cartucho tinta,5,33324.6,mercadopago,"medioPago debe ser uno de: transferencia, tarjeta, efectivo"
3241,V-4241,2026-05-21,Cafe Colonial,Agua mineral x6,26,50361.48,mercadopago,"medioPago debe ser uno de: transferencia, tarjeta, efectivo"
3242,V-4242,2026-05-21,Taller Mecanico Lopez,Cartucho tinta,6,37799.64,mercadopago,"medioPago debe ser uno de: transferencia, tarjeta, efectivo"
3247,V-4247,2026-05-21,Taller Mecanico Lopez,Silla ergonomica,3,259013.06,cheque,"medioPago debe ser uno de: transferencia, tarjeta, efectivo"
3268,V-4268,2026-05-22,Transportes Rios,Armazon,2,28381.97,cheque,"medioPago debe ser uno de: transferencia, tarjeta, efectivo"
3279,V-4279,2026-05-23,Veterinaria Patitas,Lapiceras x12,3,7500.71,mercadopago,"medioPago debe ser uno de: transferencia, tarjeta, efectivo"
3281,V-4281,2026-05-23,Martin Castro,Resma A4,40,43394.39,mercadopago,"medioPago debe ser uno de: transferencia, tarjeta, efectivo"
3291,V-4291,2026-05-23,Ana Martinez,Cable HDMI,1,3239.31,cheque,"medioPago debe ser uno de: transferencia, tarjeta, efectivo"
3306,V-4306,2026-05-25,Valentina Diaz,Lapiceras x12,3,7008.33,mercadopago,"medioPago debe ser uno de: transferencia, tarjeta, efectivo"
3308,V-4308,2026-05-25,Constructora Norte,Disco SSD 1TB,1,73247.47,mercadopago,"medioPago debe ser uno de: transferencia, tarjeta, efectivo"
3311,V-4311,2026-05-25,Constructora Norte,Notebook Lenovo,2,1355397.46,cheque,"medioPago debe ser uno de: transferencia, tarjeta, efectivo"
3319,V-4319,2026-05-26,Diego Torres,Agua mineral x6,7,12685.18,mercadopago,"medioPago debe ser uno de: transferencia, tarjeta, efectivo"
3320,V-4320,2026-05-26,Cafe Colonial,Licencia software anual,5,551770.33,mercadopago,"medioPago debe ser uno de: transferencia, tarjeta, efectivo"
3323,V-4323,2026-05-26,Restaurante El Puerto,Hosting mensual,1,12929.67,mercadopago,"medioPago debe ser uno de: transferencia, tarjeta, efectivo"
3325,V-4325,2026-05-26,Carlos Rodriguez,Cafe en grano,5,9521.48,mercadopago,"medioPago debe ser uno de: transferencia, tarjeta, efectivo"
3327,V-4327,2026-05-26,Hotel Plaza,Armazon,4,60830.28,cheque,"medioPago debe ser uno de: transferencia, tarjeta, efectivo"
3328,V-4328,2026-05-26,Pedro Sanchez,Aceite x12,6,36686.8,mercadopago,"medioPago debe ser uno de: transferencia, tarjeta, efectivo"
3332,V-4332,2026-05-26,Escuela Sarmiento,Cafe en grano,8,15586.3,cheque,"medioPago debe ser uno de: transferencia, tarjeta, efectivo"
3336,V-4336,2026-05-27,Cafe Colonial,Auriculares,1,22319.82,mercadopago,"medioPago debe ser uno de: transferencia, tarjeta, efectivo"
3343,V-4343,2026-05-27,Optica Vision,Servicio de mantenimiento,1,30386,mercadopago,"medioPago debe ser uno de: transferencia, tarjeta, efectivo"
3344,V-4344,2026-05-27,Imprenta Rapida,Capacitacion,1,57611.97,mercadopago,"medioPago debe ser uno de: transferencia, tarjeta, efectivo"
3347,V-4347,2026-05-27,Diego Torres,Agua mineral x6,48,90389.44,mercadopago,"medioPago debe ser uno de: transferencia, tarjeta, efectivo"
3348,V-4348,2026-05-28,Panaderia Ortiz,Capacitacion,2,130074.06,mercadopago,"medioPago debe ser uno de: transferencia, tarjeta, efectivo"
3358,V-4358,2026-05-29,Juan Perez,Toner HP,3,26297.59,mercadopago,"medioPago debe ser uno de: transferencia, tarjeta, efectivo"
3371,V-4371,2026-05-30,Ana Martinez,Armazon,3,49543.4,mercadopago,"medioPago debe ser uno de: transferencia, tarjeta, efectivo"
3376,V-4376,2026-05-30,Gimnasio Fuerza,Teclado mecanico,4,139448.07,cheque,"medioPago debe ser uno de: transferencia, tarjeta, efectivo"
3385,V-4385,2026-05-31,Ana Martinez,Aceite x12,3,15886.41,cheque,"medioPago debe ser uno de: transferencia, tarjeta, efectivo"
3390,V-4390,2026-05-31,Marta Gomez,Licencia software anual,3,339196.57,mercadopago,"medioPago debe ser uno de: transferencia, tarjeta, efectivo"
3409,V-4409,2026-06-01,Almacen La Paz,Resma A4,17,17070.92,mercadopago,"medioPago debe ser uno de: transferencia, tarjeta, efectivo"
3414,V-4414,2026-06-01,Agropecuaria Campo Verde,Servicio de consultoria,1,20198.83,mercadopago,"medioPago debe ser uno de: transferencia, tarjeta, efectivo"
3416,V-4416,2026-06-02,Agropecuaria Campo Verde,Capacitacion,3,195694.9,mercadopago,"medioPago debe ser uno de: transferencia, tarjeta, efectivo"
3444,V-4444,2026-06-04,Consultora Delta,Monitor 24'',3,510452.81,mercadopago,"medioPago debe ser uno de: transferencia, tarjeta, efectivo"
3447,V-4447,2026-06-04,Ana Martinez,Licencia software anual,4,501460.42,cheque,"medioPago debe ser uno de: transferencia, tarjeta, efectivo"
3451,V-4451,2026-06-05,Lucia Fernandez,Silla ergonomica,1,94599.67,mercadopago,"medioPago debe ser uno de: transferencia, tarjeta, efectivo"
3460,V-4460,2026-06-05,Escuela Sarmiento,Harina x25kg,12,38520.9,mercadopago,"medioPago debe ser uno de: transferencia, tarjeta, efectivo"
3461,V-4461,2026-06-05,Ferreteria Nuñez,Cartucho tinta,7,49784.76,mercadopago,"medioPago debe ser uno de: transferencia, tarjeta, efectivo"
3476,V-4476,2026-06-06,Hotel Plaza,Cafe en grano,10,21175.76,mercadopago,"medioPago debe ser uno de: transferencia, tarjeta, efectivo"
3477,V-4477,2026-06-06,Cafe Colonial,Tornillos x100,15,2551.23,mercadopago,"medioPago debe ser uno de: transferencia, tarjeta, efectivo"
3492,V-4492,2026-06-08,Optica Vision,Hosting mensual,1,11018.08,mercadopago,"medioPago debe ser uno de: transferencia, tarjeta, efectivo"
3497,V-4497,2026-06-08,Martin Castro,Aceite x12,7,36754.85,mercadopago,"medioPago debe ser uno de: transferencia, tarjeta, efectivo"
3503,V-4503,2026-06-08,Panaderia Ortiz,Aceite x12,9,53605.49,mercadopago,"medioPago debe ser uno de: transferencia, tarjeta, efectivo"
3517,V-4517,2026-06-09,Carlos Rodriguez,Agua mineral x6,29,55853.97,mercadopago,"medioPago debe ser uno de: transferencia, tarjeta, efectivo"
3519,V-4519,2026-06-09,Sofia Ramirez,Servicio mensual,1,43149.85,mercadopago,"medioPago debe ser uno de: transferencia, tarjeta, efectivo"
3555,V-4555,2026-06-12,Peluqueria Glamour,Toner HP,3,25431.11,mercadopago,"medioPago debe ser uno de: transferencia, tarjeta, efectivo"
3557,V-4557,2026-06-12,Martin Castro,Capacitacion,2,122115.06,cheque,"medioPago debe ser uno de: transferencia, tarjeta, efectivo"
3566,V-4566,2026-06-13,Optica Vision,Auriculares,6,133403.18,mercadopago,"medioPago debe ser uno de: transferencia, tarjeta, efectivo"
3570,V-4570,2026-06-13,Ana Martinez,Tornillos x100,40,7030.97,mercadopago,"medioPago debe ser uno de: transferencia, tarjeta, efectivo"
3573,V-4573,2026-06-13,Carniceria El Toro,Agua mineral x6,12,23255.74,mercadopago,"medioPago debe ser uno de: transferencia, tarjeta, efectivo"
3584,V-4584,2026-06-14,Sofia Ramirez,Resma A4,13,12785.29,mercadopago,"medioPago debe ser uno de: transferencia, tarjeta, efectivo"
3599,V-4599,2026-06-15,Kiosco El Sol,Armazon,3,45622.34,mercadopago,"medioPago debe ser uno de: transferencia, tarjeta, efectivo"
3634,V-4634,2026-06-17,Ferreteria Nuñez,Harina x25kg,2,6186.48,mercadopago,"medioPago debe ser uno de: transferencia, tarjeta, efectivo"
3637,V-4637,2026-06-17,Libreria Central,Cable HDMI,4,13704.28,mercadopago,"medioPago debe ser uno de: transferencia, tarjeta, efectivo"
3655,V-4655,2026-06-19,Martin Castro,Cafe en grano,15,30865.86,cheque,"medioPago debe ser uno de: transferencia, tarjeta, efectivo"
3660,V-4660,2026-06-19,Ana Martinez,Bolsas x100,24,25917.37,mercadopago,"medioPago debe ser uno de: transferencia, tarjeta, efectivo"
3664,V-4664,2026-06-19,Pedro Sanchez,Cable HDMI,8,27679.08,mercadopago,"medioPago debe ser uno de: transferencia, tarjeta, efectivo"
3665,V-4665,2026-06-19,Kiosco El Sol,Servicio de mantenimiento,1,32568.64,cheque,"medioPago debe ser uno de: transferencia, tarjeta, efectivo"
3682,V-4682,2026-06-21,Farmacia San Martin,Harina x25kg,11,34298.6,mercadopago,"medioPago debe ser uno de: transferencia, tarjeta, efectivo"
3684,V-4684,2026-06-21,Constructora Norte,Disco SSD 1TB,2,150692.17,cheque,"medioPago debe ser uno de: transferencia, tarjeta, efectivo"
3694,V-4694,2026-06-22,Transportes Rios,Cartucho tinta,1,6830.91,mercadopago,"medioPago debe ser uno de: transferencia, tarjeta, efectivo"
3717,V-4717,2026-06-24,Transportes Rios,Carpeta A4,11,13525.91,mercadopago,"medioPago debe ser uno de: transferencia, tarjeta, efectivo"
3725,V-4725,2026-06-25,Ana Martinez,Cafe en grano,11,21194.75,mercadopago,"medioPago debe ser uno de: transferencia, tarjeta, efectivo"
3749,V-4749,2026-06-27,Estudio Contable RyR,Silla ergonomica,6,583238.32,mercadopago,"medioPago debe ser uno de: transferencia, tarjeta, efectivo"
3781,V-4781,2026-06-29,Garcia SA,Licencia software anual,3,375854.41,cheque,"medioPago debe ser uno de: transferencia, tarjeta, efectivo"
3784,V-4784,2026-06-29,Imprenta Rapida,Toner HP,5,41856.06,mercadopago,"medioPago debe ser uno de: transferencia, tarjeta, efectivo"
3786,V-4786,2026-06-29,Carniceria El Toro,Mouse inalambrico,5,51278.57,mercadopago,"medioPago debe ser uno de: transferencia, tarjeta, efectivo"
3788,V-4788,2026-06-30,Marta Gomez,Golosinas surtidas,47,6998.69,mercadopago,"medioPago debe ser uno de: transferencia, tarjeta, efectivo"
3790,V-4790,2026-06-30,Valentina Diaz,Lapiceras x12,25,56768.66,cheque,"medioPago debe ser uno de: transferencia, tarjeta, efectivo"
3793,V-4793,2026-06-30,Inmobiliaria Sol,Notebook Lenovo,2,1257677.59,mercadopago,"medioPago debe ser uno de: transferencia, tarjeta, efectivo"
3800,V-4800,2026-07-01,Gimnasio Fuerza,Cable HDMI,3,11269.06,mercadopago,"medioPago debe ser uno de: transferencia, tarjeta, efectivo"
3809,V-4809,2026-07-01,Ferreteria Nuñez,Servicio de consultoria,1,17760.75,mercadopago,"medioPago debe ser uno de: transferencia, tarjeta, efectivo"
3813,V-4813,2026-07-02,Taller Mecanico Lopez,Carpeta A4,11,13788.75,mercadopago,"medioPago debe ser uno de: transferencia, tarjeta, efectivo"
3825,V-4825,2026-07-02,Panaderia Ortiz,Auriculares,5,120299.21,mercadopago,"medioPago debe ser uno de: transferencia, tarjeta, efectivo"
3827,V-4827,2026-07-02,Imprenta Rapida,Resma A4,36,33944.11,mercadopago,"medioPago debe ser uno de: transferencia, tarjeta, efectivo"
3832,V-4832,2026-07-03,Clinica Belgrano,Toner HP,5,37391.18,mercadopago,"medioPago debe ser uno de: transferencia, tarjeta, efectivo"
3844,V-4844,2026-07-04,Clinica Belgrano,Carpeta A4,14,18407.66,cheque,"medioPago debe ser uno de: transferencia, tarjeta, efectivo"
3847,V-4847,2026-07-04,Ana Martinez,Cable HDMI,13,46645.89,mercadopago,"medioPago debe ser uno de: transferencia, tarjeta, efectivo"
3852,V-4852,2026-07-04,Pedro Sanchez,Pendrive 64GB,14,123845.5,mercadopago,"medioPago debe ser uno de: transferencia, tarjeta, efectivo"
3857,V-4857,2026-07-04,Clinica Belgrano,Servicio mensual,1,40635.4,cheque,"medioPago debe ser uno de: transferencia, tarjeta, efectivo"
3883,V-4883,2026-07-06,Pedro Sanchez,Disco SSD 1TB,6,414446.61,mercadopago,"medioPago debe ser uno de: transferencia, tarjeta, efectivo"
3884,V-4884,2026-07-07,Cafe Colonial,Golosinas surtidas,65,10108.3,cheque,"medioPago debe ser uno de: transferencia, tarjeta, efectivo"
3893,V-4893,2026-07-07,Escuela Sarmiento,Cartucho tinta,2,13725.91,cheque,"medioPago debe ser uno de: transferencia, tarjeta, efectivo"
3894,V-4894,2026-07-07,Martin Castro,Golosinas surtidas,36,5825.26,mercadopago,"medioPago debe ser uno de: transferencia, tarjeta, efectivo"
3897,V-4897,2026-07-07,Estudio Contable RyR,Carpeta A4,31,37643.86,mercadopago,"medioPago debe ser uno de: transferencia, tarjeta, efectivo"
3910,V-4910,2026-07-09,Farmacia San Martin,Notebook Lenovo,3,1868437.61,mercadopago,"medioPago debe ser uno de: transferencia, tarjeta, efectivo"
3920,V-4920,2026-07-09,Consultora Delta,Servicio de consultoria,1,19907.72,mercadopago,"medioPago debe ser uno de: transferencia, tarjeta, efectivo"
3935,V-4935,2026-07-10,Libreria Central,Cafe en grano,10,18063.78,mercadopago,"medioPago debe ser uno de: transferencia, tarjeta, efectivo"
3942,V-4942,2026-07-10,Ana Martinez,Golosinas surtidas,81,13232.8,mercadopago,"medioPago debe ser uno de: transferencia, tarjeta, efectivo"
3945,V-4945,2026-07-11,Clinica Belgrano,Capacitacion,2,122577.16,mercadopago,"medioPago debe ser uno de: transferencia, tarjeta, efectivo"
3946,V-4946,2026-07-11,Inmobiliaria Sol,Bolsas x100,6,6992.48,mercadopago,"medioPago debe ser uno de: transferencia, tarjeta, efectivo"
3950,V-4950,2026-07-11,Ferreteria Nuñez,Silla ergonomica,2,192953,mercadopago,"medioPago debe ser uno de: transferencia, tarjeta, efectivo"
3951,V-4951,2026-07-11,Almacen La Paz,Harina x25kg,11,36512.61,mercadopago,"medioPago debe ser uno de: transferencia, tarjeta, efectivo"
3953,V-4953,2026-07-11,Martin Castro,Notebook Lenovo,3,1850212.67,mercadopago,"medioPago debe ser uno de: transferencia, tarjeta, efectivo"
3971,V-4971,2026-07-12,Juan Perez,Servicio mensual,1,48483.85,mercadopago,"medioPago debe ser uno de: transferencia, tarjeta, efectivo"
3980,V-4980,2026-07-13,Optica Vision,Licencia software anual,2,222106.59,cheque,"medioPago debe ser uno de: transferencia, tarjeta, efectivo"
3989,V-4989,2026-07-13,Diego Torres,Capacitacion,1,59024.35,cheque,"medioPago debe ser uno de: transferencia, tarjeta, efectivo"
3993,V-4993,2026-07-14,Lucia Fernandez,Resma A4,28,29253.63,mercadopago,"medioPago debe ser uno de: transferencia, tarjeta, efectivo"
3995,V-4995,2026-07-14,Libreria Central,Auriculares,1,22373.04,mercadopago,"medioPago debe ser uno de: transferencia, tarjeta, efectivo"
4004,V-5004,2026-07-15,Carniceria El Toro,Servicio de consultoria,1,17933.23,cheque,"medioPago debe ser uno de: transferencia, tarjeta, efectivo"
4008,V-5008,2026-07-15,Taller Mecanico Lopez,Golosinas surtidas,27,3740.5,mercadopago,"medioPago debe ser uno de: transferencia, tarjeta, efectivo"
4014,V-5014,2026-07-15,Distribuidora Sur,Armazon,2,32379.79,mercadopago,"medioPago debe ser uno de: transferencia, tarjeta, efectivo"
4019,V-5019,2026-07-15,Imprenta Rapida,Detergente 5L,19,86222.08,mercadopago,"medioPago debe ser uno de: transferencia, tarjeta, efectivo"
4026,V-5026,2026-07-16,Panaderia Ortiz,Cable HDMI,5,18759.89,cheque,"medioPago debe ser uno de: transferencia, tarjeta, efectivo"
4031,V-5031,2026-07-16,Ana Martinez,Mouse inalambrico,10,92086.18,mercadopago,"medioPago debe ser uno de: transferencia, tarjeta, efectivo"
4044,V-5044,2026-07-17,Farmacia San Martin,Cartucho tinta,7,42667.2,mercadopago,"medioPago debe ser uno de: transferencia, tarjeta, efectivo"
4064,V-5064,2026-07-18,Ferreteria Nuñez,Auriculares,5,105228.51,mercadopago,"medioPago debe ser uno de: transferencia, tarjeta, efectivo"
4090,V-5090,2026-07-20,Gimnasio Fuerza,Disco SSD 1TB,4,320594.48,mercadopago,"medioPago debe ser uno de: transferencia, tarjeta, efectivo"
4097,V-5097,2026-07-21,Restaurante El Puerto,Capacitacion,3,175862.11,cheque,"medioPago debe ser uno de: transferencia, tarjeta, efectivo"
4135,V-5135,2026-07-23,Farmacia San Martin,Disco SSD 1TB,1,69044.34,mercadopago,"medioPago debe ser uno de: transferencia, tarjeta, efectivo"
4141,V-5141,2026-07-23,Martin Castro,Mouse inalambrico,3,29568.71,mercadopago,"medioPago debe ser uno de: transferencia, tarjeta, efectivo"
4150,V-5150,2026-07-24,Libreria Central,Toner HP,4,29528.18,cheque,"medioPago debe ser uno de: transferencia, tarjeta, efectivo"
4164,V-5164,2026-07-26,Taller Mecanico Lopez,Disco SSD 1TB,3,233085.14,mercadopago,"medioPago debe ser uno de: transferencia, tarjeta, efectivo"
4167,V-5167,2026-07-26,Consultora Delta,Silla ergonomica,2,190675.29,mercadopago,"medioPago debe ser uno de: transferencia, tarjeta, efectivo"
4168,V-5168,2026-07-26,Carlos Rodriguez,Mouse inalambrico,7,63829.15,mercadopago,"medioPago debe ser uno de: transferencia, tarjeta, efectivo"
4182,V-5182,2026-07-27,Farmacia San Martin,Lapiceras x12,7,15284.16,mercadopago,"medioPago debe ser uno de: transferencia, tarjeta, efectivo"
4185,V-5185,2026-07-27,Comercial Andrade,Golosinas surtidas,71,9605.97,mercadopago,"medioPago debe ser uno de: transferencia, tarjeta, efectivo"
4186,V-5186,2026-07-27,Transportes Rios,Cuaderno,24,9827.29,mercadopago,"medioPago debe ser uno de: transferencia, tarjeta, efectivo"
4187,V-5187,2026-07-27,Kiosco El Sol,Golosinas surtidas,98,15359.67,mercadopago,"medioPago debe ser uno de: transferencia, tarjeta, efectivo"
4198,V-5198,2026-07-28,Agropecuaria Campo Verde,Licencia software anual,4,444009.83,mercadopago,"medioPago debe ser uno de: transferencia, tarjeta, efectivo"
4200,V-5200,2026-07-28,Distribuidora Sur,Pendrive 64GB,12,100006.88,mercadopago,"medioPago debe ser uno de: transferencia, tarjeta, efectivo"
4206,V-5206,2026-07-28,Supermercado Don Pepe,Toner HP,6,45327.93,mercadopago,"medioPago debe ser uno de: transferencia, tarjeta, efectivo"
4210,V-5210,2026-07-29,Libreria Central,Teclado mecanico,1,39957.53,mercadopago,"medioPago debe ser uno de: transferencia, tarjeta, efectivo"
4218,V-5218,2026-07-29,Juan Perez,Resma A4,9,9420.41,cheque,"medioPago debe ser uno de: transferencia, tarjeta, efectivo"
4224,V-5224,2026-07-29,Imprenta Rapida,Cable HDMI,12,44585.19,mercadopago,"medioPago debe ser uno de: transferencia, tarjeta, efectivo"
4226,V-5226,2026-07-29,Bar La Esquina,Armazon,2,31634.12,mercadopago,"medioPago debe ser uno de: transferencia, tarjeta, efectivo"
4229,V-5229,2026-07-30,Consultora Delta,Harina x25kg,6,17176.09,cheque,"medioPago debe ser uno de: transferencia, tarjeta, efectivo"
4238,V-5238,2026-07-31,Marta Gomez,Harina x25kg,8,22975.47,mercadopago,"medioPago debe ser uno de: transferencia, tarjeta, efectivo"
4271,V-5271,2026-08-02,Libreria Central,Toner HP,5,41709.06,mercadopago,"medioPago debe ser uno de: transferencia, tarjeta, efectivo"
4273,V-5273,2026-08-02,Diego Torres,Golosinas surtidas,79,11491.7,mercadopago,"medioPago debe ser uno de: transferencia, tarjeta, efectivo"
4274,V-5274,2026-08-02,Consultora Delta,Detergente 5L,12,47958.52,cheque,"medioPago debe ser uno de: transferencia, tarjeta, efectivo"
4279,V-5279,2026-08-02,Constructora Norte,Cuaderno,23,10892.52,cheque,"medioPago debe ser uno de: transferencia, tarjeta, efectivo"
4320,V-5320,2026-08-06,Almacen La Paz,Golosinas surtidas,43,6802.76,cheque,"medioPago debe ser uno de: transferencia, tarjeta, efectivo"
4323,V-5323,2026-08-06,Juan Perez,Cable HDMI,9,32759.01,mercadopago,"medioPago debe ser uno de: transferencia, tarjeta, efectivo"
4324,V-5324,2026-08-06,Garcia SA,Mouse inalambrico,5,51255.11,mercadopago,"medioPago debe ser uno de: transferencia, tarjeta, efectivo"
4334,V-5334,2026-08-07,Farmacia San Martin,Hosting mensual,1,12919.29,mercadopago,"medioPago debe ser uno de: transferencia, tarjeta, efectivo"
4354,V-5354,2026-08-08,Kiosco El Sol,Lapiceras x12,3,7033.56,cheque,"medioPago debe ser uno de: transferencia, tarjeta, efectivo"
4363,V-5363,2026-08-09,Inmobiliaria Sol,Aceite x12,6,34194.95,mercadopago,"medioPago debe ser uno de: transferencia, tarjeta, efectivo"
4364,V-5364,2026-08-09,Gimnasio Fuerza,Harina x25kg,7,22791.98,mercadopago,"medioPago debe ser uno de: transferencia, tarjeta, efectivo"
4372,V-5372,2026-08-09,Clinica Belgrano,Hosting mensual,1,11283.82,mercadopago,"medioPago debe ser uno de: transferencia, tarjeta, efectivo"
4385,V-5385,2026-08-10,Peluqueria Glamour,Mouse inalambrico,8,75250.75,cheque,"medioPago debe ser uno de: transferencia, tarjeta, efectivo"
4395,V-5395,2026-08-11,Hotel Plaza,Teclado mecanico,4,147822.26,mercadopago,"medioPago debe ser uno de: transferencia, tarjeta, efectivo"
4396,V-5396,2026-08-11,Peluqueria Glamour,Toner HP,6,46741.17,mercadopago,"medioPago debe ser uno de: transferencia, tarjeta, efectivo"
4406,V-5406,2026-08-12,Ferreteria Nuñez,Agua mineral x6,48,79253.89,cheque,"medioPago debe ser uno de: transferencia, tarjeta, efectivo"
4408,V-5408,2026-08-12,Panaderia Ortiz,Lapiceras x12,6,13809.32,mercadopago,"medioPago debe ser uno de: transferencia, tarjeta, efectivo"
4410,V-5410,2026-08-12,Garcia SA,Licencia software anual,5,611246.38,mercadopago,"medioPago debe ser uno de: transferencia, tarjeta, efectivo"
4416,V-5416,2026-08-12,Transportes Rios,Carpeta A4,40,45893.45,cheque,"medioPago debe ser uno de: transferencia, tarjeta, efectivo"
4435,V-5435,2026-08-14,Martin Castro,Pendrive 64GB,14,122840.2,mercadopago,"medioPago debe ser uno de: transferencia, tarjeta, efectivo"
4438,V-5438,2026-08-14,Supermercado Don Pepe,Lapiceras x12,27,67775.69,cheque,"medioPago debe ser uno de: transferencia, tarjeta, efectivo"
4451,V-5451,2026-08-15,Sofia Ramirez,Cable HDMI,1,3557.95,mercadopago,"medioPago debe ser uno de: transferencia, tarjeta, efectivo"
4492,V-5492,2026-08-18,Almacen La Paz,Pendrive 64GB,13,119516.04,mercadopago,"medioPago debe ser uno de: transferencia, tarjeta, efectivo"
4495,V-5495,2026-08-19,Pedro Sanchez,Servicio de mantenimiento,1,33504.41,mercadopago,"medioPago debe ser uno de: transferencia, tarjeta, efectivo"
4500,V-5500,2026-08-19,Farmacia San Martin,Hosting mensual,1,12670.77,mercadopago,"medioPago debe ser uno de: transferencia, tarjeta, efectivo"
4501,V-5501,2026-08-19,Carniceria El Toro,Mouse inalambrico,8,72765.89,mercadopago,"medioPago debe ser uno de: transferencia, tarjeta, efectivo"
4507,V-5507,2026-08-20,Distribuidora Sur,Servicio de mantenimiento,1,30167.4,mercadopago,"medioPago debe ser uno de: transferencia, tarjeta, efectivo"
4522,V-5522,2026-08-21,Veterinaria Patitas,Lapiceras x12,15,38694.81,mercadopago,"medioPago debe ser uno de: transferencia, tarjeta, efectivo"
4531,V-5531,2026-08-22,Estudio Contable RyR,Mouse inalambrico,3,30311.49,mercadopago,"medioPago debe ser uno de: transferencia, tarjeta, efectivo"
4558,V-5558,2026-08-23,Clinica Belgrano,Tornillos x100,46,7297.69,mercadopago,"medioPago debe ser uno de: transferencia, tarjeta, efectivo"
4579,V-5579,2026-08-24,Ferreteria Nuñez,Aceite x12,9,54854.89,cheque,"medioPago debe ser uno de: transferencia, tarjeta, efectivo"
4590,V-5590,2026-08-25,Marta Gomez,Bolsas x100,21,21199.38,mercadopago,"medioPago debe ser uno de: transferencia, tarjeta, efectivo"
4596,V-5596,2026-08-26,Kiosco El Sol,Cartucho tinta,1,6822.39,mercadopago,"medioPago debe ser uno de: transferencia, tarjeta, efectivo"
4605,V-5605,2026-08-26,Lucia Fernandez,Cuaderno,6,2968.03,mercadopago,"medioPago debe ser uno de: transferencia, tarjeta, efectivo"
4615,V-5615,2026-08-27,Restaurante El Puerto,Agua mineral x6,14,23279.61,mercadopago,"medioPago debe ser uno de: transferencia, tarjeta, efectivo"
4617,V-5617,2026-08-27,Almacen La Paz,Notebook Lenovo,2,1264009.37,mercadopago,"medioPago debe ser uno de: transferencia, tarjeta, efectivo"
4621,V-5621,2026-08-27,Kiosco El Sol,Agua mineral x6,28,48212.6,mercadopago,"medioPago debe ser uno de: transferencia, tarjeta, efectivo"
4624,V-5624,2026-08-27,Mueblerias Hogar,Notebook Lenovo,1,603786.28,cheque,"medioPago debe ser uno de: transferencia, tarjeta, efectivo"
4634,V-5634,2026-08-28,Comercial Andrade,Hosting mensual,1,12904.68,mercadopago,"medioPago debe ser uno de: transferencia, tarjeta, efectivo"
4646,V-5646,2026-08-28,Sofia Ramirez,Disco SSD 1TB,3,211240.8,mercadopago,"medioPago debe ser uno de: transferencia, tarjeta, efectivo"
4647,V-5647,2026-08-28,Distribuidora Sur,Tornillos x100,46,7405.06,mercadopago,"medioPago debe ser uno de: transferencia, tarjeta, efectivo"
4648,V-5648,2026-08-29,Hotel Plaza,Servicio de consultoria,1,17720.29,mercadopago,"medioPago debe ser uno de: transferencia, tarjeta, efectivo"
4651,V-5651,2026-08-29,Restaurante El Puerto,Servicio de consultoria,1,17028.61,mercadopago,"medioPago debe ser uno de: transferencia, tarjeta, efectivo"
4656,V-5656,2026-08-29,Valentina Diaz,Tornillos x100,10,1645.3,mercadopago,"medioPago debe ser uno de: transferencia, tarjeta, efectivo"
4681,V-5681,2026-08-31,Mueblerias Hogar,Harina x25kg,9,26682.38,mercadopago,"medioPago debe ser uno de: transferencia, tarjeta, efectivo"
4686,V-5686,2026-08-31,Carniceria El Toro,Cafe en grano,15,27495.4,mercadopago,"medioPago debe ser uno de: transferencia, tarjeta, efectivo"
4725,V-5725,2026-09-02,Agropecuaria Campo Verde,Cafe en grano,11,23110.3,mercadopago,"medioPago debe ser uno de: transferencia, tarjeta, efectivo"
4734,V-5734,2026-09-03,Supermercado Don Pepe,Tornillos x100,32,5063.8,mercadopago,"medioPago debe ser uno de: transferencia, tarjeta, efectivo"
4736,V-5736,2026-09-03,Supermercado Don Pepe,Aceite x12,6,37230.58,mercadopago,"medioPago debe ser uno de: transferencia, tarjeta, efectivo"
4751,V-5751,2026-09-04,Gimnasio Fuerza,Pendrive 64GB,1,8137.69,cheque,"medioPago debe ser uno de: transferencia, tarjeta, efectivo"
4760,V-5760,2026-09-04,Distribuidora Sur,Servicio de consultoria,1,16899.25,mercadopago,"medioPago debe ser uno de: transferencia, tarjeta, efectivo"
4761,V-5761,2026-09-04,Marta Gomez,Capacitacion,1,54324.8,mercadopago,"medioPago debe ser uno de: transferencia, tarjeta, efectivo"
4762,V-5762,2026-09-05,Peluqueria Glamour,Cable HDMI,11,38638.54,mercadopago,"medioPago debe ser uno de: transferencia, tarjeta, efectivo"
4768,V-5768,2026-09-05,Martin Castro,Harina x25kg,12,38518.21,mercadopago,"medioPago debe ser uno de: transferencia, tarjeta, efectivo"
4772,V-5772,2026-09-05,Ferreteria Nuñez,Licencia software anual,3,378979.04,mercadopago,"medioPago debe ser uno de: transferencia, tarjeta, efectivo"
4805,V-5805,2026-09-08,Distribuidora Sur,Bolsas x100,8,8209.71,mercadopago,"medioPago debe ser uno de: transferencia, tarjeta, efectivo"
4809,V-5809,2026-09-08,Optica Vision,Disco SSD 1TB,2,151667.1,mercadopago,"medioPago debe ser uno de: transferencia, tarjeta, efectivo"
4813,V-5813,2026-09-08,Sofia Ramirez,Disco SSD 1TB,5,342110.89,mercadopago,"medioPago debe ser uno de: transferencia, tarjeta, efectivo"
4823,V-5823,2026-09-09,Restaurante El Puerto,Licencia software anual,3,334968.42,mercadopago,"medioPago debe ser uno de: transferencia, tarjeta, efectivo"
4826,V-5826,2026-09-09,Taller Mecanico Lopez,Resma A4,9,9373.75,cheque,"medioPago debe ser uno de: transferencia, tarjeta, efectivo"
4838,V-5838,2026-09-10,Clinica Belgrano,Carpeta A4,50,60064.29,cheque,"medioPago debe ser uno de: transferencia, tarjeta, efectivo"
4848,V-5848,2026-09-11,Diego Torres,Aceite x12,4,24276.99,mercadopago,"medioPago debe ser uno de: transferencia, tarjeta, efectivo"
4849,V-5849,2026-09-11,Carlos Rodriguez,Mouse inalambrico,4,41000.32,cheque,"medioPago debe ser uno de: transferencia, tarjeta, efectivo"
4862,V-5862,2026-09-12,Transportes Rios,Pendrive 64GB,19,155140.12,mercadopago,"medioPago debe ser uno de: transferencia, tarjeta, efectivo"
4863,V-5863,2026-09-12,Gimnasio Fuerza,Aceite x12,8,48762.85,mercadopago,"medioPago debe ser uno de: transferencia, tarjeta, efectivo"
4879,V-5879,2026-09-13,Valentina Diaz,Mouse inalambrico,6,54907.53,mercadopago,"medioPago debe ser uno de: transferencia, tarjeta, efectivo"
4884,V-5884,2026-09-13,Carlos Rodriguez,Mouse inalambrico,5,44344.39,mercadopago,"medioPago debe ser uno de: transferencia, tarjeta, efectivo"
4885,V-5885,2026-09-13,Kiosco El Sol,Armazon,1,14932.97,mercadopago,"medioPago debe ser uno de: transferencia, tarjeta, efectivo"
4891,V-5891,2026-09-13,Marta Gomez,Cuaderno,38,16855.57,mercadopago,"medioPago debe ser uno de: transferencia, tarjeta, efectivo"
4894,V-5894,2026-09-13,Transportes Rios,Monitor 24'',4,698339.63,cheque,"medioPago debe ser uno de: transferencia, tarjeta, efectivo"
4903,V-5903,2026-09-14,Libreria Central,Servicio de consultoria,1,19655.83,mercadopago,"medioPago debe ser uno de: transferencia, tarjeta, efectivo"
4905,V-5905,2026-09-14,Escuela Sarmiento,Servicio de mantenimiento,1,31126.27,mercadopago,"medioPago debe ser uno de: transferencia, tarjeta, efectivo"
4927,V-5927,2026-09-16,Diego Torres,Monitor 24'',4,680727.82,mercadopago,"medioPago debe ser uno de: transferencia, tarjeta, efectivo"
4942,V-5942,2026-09-17,Almacen La Paz,Harina x25kg,3,8852.75,cheque,"medioPago debe ser uno de: transferencia, tarjeta, efectivo"
4948,V-5948,2026-09-17,Estudio Contable RyR,Cafe en grano,9,17100.65,cheque,"medioPago debe ser uno de: transferencia, tarjeta, efectivo"
4950,V-5950,2026-09-17,Farmacia San Martin,Teclado mecanico,2,79967.97,mercadopago,"medioPago debe ser uno de: transferencia, tarjeta, efectivo"
4954,V-5954,2026-09-17,Taller Mecanico Lopez,Capacitacion,2,113771.97,mercadopago,"medioPago debe ser uno de: transferencia, tarjeta, efectivo"
4957,V-5957,2026-09-17,Distribuidora Sur,Capacitacion,3,181434.7,mercadopago,"medioPago debe ser uno de: transferencia, tarjeta, efectivo"
4972,V-5972,2026-09-19,Bar La Esquina,Teclado mecanico,2,78786.46,mercadopago,"medioPago debe ser uno de: transferencia, tarjeta, efectivo"
4973,V-5973,2026-09-19,Pedro Sanchez,Auriculares,8,179694.47,mercadopago,"medioPago debe ser uno de: transferencia, tarjeta, efectivo"
4997,V-5997,2026-09-20,Kiosco El Sol,Disco SSD 1TB,5,393017.41,mercadopago,"medioPago debe ser uno de: transferencia, tarjeta, efectivo"
5000,V-6000,2026-09-20,Escuela Sarmiento,Detergente 5L,4,17299,cheque,"medioPago debe ser uno de: transferencia, tarjeta, efectivo"